,id,type,target,parameter,buff_id,is_buff_type
0,0,1,1,0,0,0
1,17002,8,1,10788,0,0
2,17003,8,1,10790,0,0
3,17004,8,1,10792,0,0
4,17005,8,1,10797,0,0
5,17006,8,1,10844,0,0
6,100503,19,1,City,0,0
7,100506,6,1,1,4385,0
8,100602,18,2,1002,0,0
9,100803,6,1,1,1397,0
10,100806,6,1,1,4445,0
11,100807,6,1,2,4445,0
12,100810,6,1,1,4448,0
13,100811,6,1,1,4447,0
14,102118,6,1,1,315,0
15,102119,6,1,1,316,0
16,102120,6,1,1,317,0
17,102121,6,1,1,318,0
18,102122,6,1,1,319,0
19,102123,6,1,1,320,0
20,102124,6,1,1,321,0
21,102125,6,1,1,322,0
22,102126,6,1,1,323,0
23,102127,6,1,1,324,0
24,103302,6,1,2,484,0
25,103303,6,1,2,485,0
26,103304,6,1,2,486,0
27,103305,6,1,2,487,0
28,105707,18,2,1082,0,0
29,106304,6,1,1,301,0
30,106503,6,1,1,329,0
31,106504,6,1,1,330,0
32,106505,6,1,1,331,0
33,106506,6,1,1,332,0
34,106507,6,1,1,333,0
35,106508,6,1,1,334,0
36,106509,6,1,1,335,0
37,106510,6,1,1,336,0
38,106511,6,1,1,337,0
39,106512,6,1,1,338,0
40,106513,6,1,1,339,0
41,106711,6,1,2,401,0
42,106712,6,1,2,402,0
43,106713,6,1,2,403,0
44,106714,6,1,2,404,0
45,106715,6,1,2,405,0
46,106716,6,1,2,406,0
47,106717,6,1,2,407,0
48,106718,6,1,2,408,0
49,106719,6,1,2,409,0
50,106720,6,1,2,410,0
51,106721,6,1,2,411,0
52,106722,6,1,2,412,0
53,106723,6,1,2,413,0
54,106724,6,1,2,414,0
55,106725,6,1,2,415,0
56,106726,6,1,2,416,0
57,106727,6,1,2,417,0
58,106728,6,1,2,418,0
59,106729,6,1,2,419,0
60,106730,6,1,2,420,0
61,106731,6,1,2,421,0
62,106732,6,1,2,422,0
63,106733,6,1,2,423,0
64,106734,6,1,2,424,0
65,106735,6,1,2,425,0
66,106736,6,1,2,426,0
67,106737,6,1,2,427,0
68,106738,6,1,2,428,0
69,106739,6,1,2,429,0
70,106740,6,1,2,430,0
71,106902,7,1,1,301,0
72,106903,6,1,2,434,0
73,106904,7,1,1,301,0
74,107001,7,1,2,301,0
75,107002,7,1,1,301,0
76,107003,7,1,4,437,0
77,107004,6,1,4,437,0
78,107702,6,1,2,355,0
79,107704,7,1,1,355,0
80,107705,6,1,15,356,0
81,107706,6,1,2,360,0
82,107707,7,1,1,358,0
83,107708,6,1,1,359,0
84,107709,6,1,1,357,0
85,107710,7,1,14,356,0
86,107711,6,1,1,361,0
87,107712,6,1,1,363,0
88,107713,6,1,1,363,0
89,107714,6,1,1,357,0
90,107715,7,1,1,357,0
91,107804,6,1,1,234,0
92,107806,6,1,1,238,0
93,107807,6,1,1,237,0
94,107902,6,1,1,241,0
95,107905,6,1,1,244,0
96,107908,6,1,18,243,0
97,108004,6,1,3,248,0
98,108005,6,1,1,248,0
99,108304,3,2,50,0,0
100,108402,7,1,1,144,0
101,108403,6,1,1,144,0
102,108502,7,1,1,151,0
103,108503,6,1,1,151,0
104,108603,6,1,1,152,0
105,108604,6,1,1,154,0
106,108605,6,1,1,155,0
107,108606,6,1,1,156,0
108,108702,6,1,1,301,0
109,108703,6,1,1,157,0
110,108704,7,1,1,301,0
111,108801,7,1,1,166,0
112,108802,7,1,1,166,0
113,108804,6,1,1,166,0
114,108805,6,1,1,167,0
115,108806,7,1,1,168,0
116,109002,6,1,3,187,0
117,109003,6,1,3,188,0
118,109004,6,1,3,189,0
119,109203,6,1,1,460,0
120,109205,6,1,1,462,0
121,109206,2,1,90,0,0
122,109207,2,1,80,0,0
123,109208,2,1,70,0,0
124,109209,2,1,60,0,0
125,109210,2,1,50,0,0
126,109211,2,1,40,0,0
127,109212,2,1,30,0,0
128,109213,2,1,20,0,0
129,109214,2,1,10,0,0
130,109215,2,1,5,0,0
131,109216,6,1,1,463,0
132,109217,6,1,1,464,0
133,109218,6,1,1,465,0
134,109219,6,1,1,466,0
135,109220,6,1,1,467,0
136,109221,6,1,1,468,0
137,109222,6,1,1,469,0
138,109223,6,1,1,470,0
139,109224,6,1,1,471,0
140,109225,6,1,1,472,0
141,109402,6,1,1,198,0
142,109403,7,1,1,198,0
143,109408,7,1,1,460,0
144,109409,6,1,2,460,0
145,109602,6,1,1,905,0
146,109603,6,1,1,904,0
147,109702,6,1,1,397,0
148,110002,7,1,1,999,0
149,110003,6,1,1,999,0
150,110006,6,1,2,904,0
151,110007,6,1,1,904,0
152,110008,6,1,1,909,0
153,110009,6,1,1,908,0
154,110010,7,1,1,904,0
155,110011,6,1,15,911,0
156,110012,6,1,1,912,0
157,110013,7,1,14,911,0
158,110014,7,1,1,912,0
159,110015,6,1,99,914,0
160,110017,6,1,5,3428,0
161,110019,6,1,1,922,0
162,110020,7,1,1,922,0
163,110023,6,1,1,925,0
164,110024,6,1,1,926,0
165,110025,6,1,1,929,0
166,110026,6,1,1,931,0
167,110043,7,1,1,948,0
168,110044,6,1,1,948,0
169,110050,6,1,1,945,0
170,110052,6,1,1,502,0
171,110053,6,1,1,503,0
172,110054,6,1,1,504,0
173,110055,6,1,1,505,0
174,110056,6,1,5,579,0
175,110057,7,1,4,579,0
176,110058,6,1,4,579,0
177,110060,9,1,0,0,0
178,110061,7,1,1,582,0
179,110063,6,1,1,583,0
180,110064,6,1,1,585,0
181,110065,7,1,1,583,0
182,110069,6,1,1,589,0
183,110070,6,1,1,595,0
184,110071,6,1,1,594,0
185,110072,6,1,1,596,0
186,110073,6,1,1,592,0
187,110076,6,1,1,598,0
188,110077,7,1,1,597,0
189,110079,6,1,1,581,0
190,110080,6,1,1,600,0
191,110082,6,1,1,857,0
192,110083,6,1,1,858,0
193,110088,7,1,1,860,0
194,110089,6,1,1,860,0
195,110092,6,1,1,862,0
196,110093,6,1,1,864,0
197,110095,6,1,1,865,0
198,110103,6,1,1,867,0
199,110105,6,1,1,887,0
200,110302,13,1,5,0,0
201,110304,6,1,1,888,0
202,110306,7,1,1,888,0
203,110401,6,1,1,878,0
204,110502,6,1,6,883,0
205,110503,6,1,1,883,0
206,110504,6,1,1,884,0
207,110505,6,1,3,886,0
208,110506,6,1,1,886,0
209,110702,7,1,1,897,0
210,110713,6,2,1,1100,0
211,110802,7,1,1,898,0
212,110803,6,1,1,898,0
213,110905,18,1,1050,0,0
214,111102,6,1,1,1337,0
215,111202,6,1,1,900,0
216,111203,6,1,2,900,0
217,111204,6,1,3,900,0
218,111402,6,1,1,1361,0
219,111403,7,1,1,1365,0
220,111404,6,1,1,1364,0
221,111504,18,1,1051,0,0
222,111506,6,1,1,1377,0
223,111507,7,1,1,1377,0
224,111508,6,1,1,1378,0
225,111509,18,1,1052,0,0
226,111510,18,1,1053,0,0
227,111511,18,1,1054,0,0
228,111602,7,1,1,1405,0
229,111603,6,1,1,1405,0
230,111701,6,1,1,1406,0
231,111702,6,1,1,1427,0
232,111703,6,1,1,1408,0
233,111704,18,1,1064,0,0
234,111705,18,1,1065,0,0
235,111706,18,1,1066,0,0
236,111707,18,1,1063,0,0
237,111711,18,1,1081,0,0
238,111803,6,1,1,1426,0
239,111804,6,2,2,1409,0
240,111805,6,2,1,1421,0
241,111806,6,2,2,1409,0
242,111906,6,1,1,1416,0
243,111907,6,1,1,1417,0
244,111908,6,1,1,1418,0
245,112003,7,2,1,1422,0
246,112004,6,2,1,1425,0
247,112102,6,1,1,1424,0
248,112202,7,1,1,1448,0
249,112203,6,1,1,1448,0
250,112204,6,1,1,1451,0
251,112205,6,1,1,1452,0
252,112206,18,1,1134,0,0
253,112207,18,1,1135,0,0
254,112208,18,1,1136,0,0
255,112209,18,1,1133,0,0
256,112402,6,1,2,187,0
257,112403,6,1,2,188,0
258,112504,6,1,2,3121,0
259,112602,7,1,1,3124,0
260,112603,6,1,1,3124,0
261,112605,6,1,1,3126,0
262,112608,6,1,1,3127,0
263,112610,7,2,1,3129,0
264,112801,6,1,1,3185,0
265,112802,7,1,1,3131,0
266,112803,6,1,1,3131,0
267,112804,6,1,2,3131,0
268,112903,7,1,1,3133,0
269,112904,6,1,2,3133,0
270,112905,6,1,1,3132,0
271,113002,7,1,1,3138,0
272,113003,6,1,1,3138,0
273,113102,6,1,1,3165,0
274,113103,7,1,1,3165,0
275,113203,6,1,1,4048,0
276,113204,6,1,1,4049,0
277,113403,6,1,5,4069,0
278,113404,7,1,4,4069,0
279,113405,6,1,4,4069,0
280,113502,7,1,1,4070,0
281,113503,6,1,1,4070,0
282,113504,6,1,2,4070,0
283,113602,7,1,1,4072,0
284,113603,6,1,1,4072,0
285,113802,7,1,1,4075,0
286,113804,6,1,1,4076,0
287,113805,6,1,1,4078,0
288,113806,6,1,1,4075,0
289,114002,6,1,1,4109,0
290,114003,7,1,1,4109,0
291,115602,6,1,1,4156,0
292,115603,6,1,1,4153,0
293,115604,6,1,1,4154,0
294,115605,6,1,1,4155,0
295,115703,7,1,1,4163,0
296,115704,6,1,1,4163,0
297,115801,6,1,8,301,0
298,115802,7,1,8,301,0
299,115803,7,1,1,4162,0
300,115903,6,1,1,4158,0
301,115905,6,1,1,4161,0
302,116002,6,1,1,4226,0
303,116003,7,1,1,4226,0
304,116004,6,1,1,4227,0
305,116102,6,1,1,4239,0
306,116103,6,1,3,4239,0
307,116104,7,1,1,4240,0
308,116105,6,1,4,4239,0
309,116106,6,1,2,4240,0
310,116107,18,1,1556,0,0
311,116108,18,1,1557,0,0
312,116109,18,1,1558,0,0
313,116110,18,1,1559,0,0
314,116111,18,1,1560,0,0
315,116112,18,1,1561,0,0
316,116113,18,1,1562,0,0
317,116114,18,1,1563,0,0
318,116115,18,1,1564,0,0
319,116116,18,1,1565,0,0
320,116117,18,1,1566,0,0
321,116118,18,1,1567,0,0
322,116119,18,1,1568,0,0
323,116120,18,1,1569,0,0
324,116121,18,1,1570,0,0
325,116122,18,1,1571,0,0
326,116123,18,1,1572,0,0
327,116124,18,1,1573,0,0
328,116125,18,1,1574,0,0
329,116126,18,1,1575,0,0
330,116127,18,1,1576,0,0
331,116128,18,1,1577,0,0
332,116129,18,1,1578,0,0
333,116130,18,1,1579,0,0
334,116131,18,1,1580,0,0
335,116132,18,1,1581,0,0
336,116133,18,1,1582,0,0
337,116134,18,1,1583,0,0
338,116135,18,1,1584,0,0
339,116136,18,1,1585,0,0
340,116201,6,1,1,4300,0
341,116302,6,1,1,4315,0
342,116309,18,1,1656,0,0
343,116310,6,1,1,4328,0
344,116402,7,1,1,4430,0
345,116503,7,1,1,4397,0
346,116504,6,1,1,4396,0
347,116505,6,1,1,4399,0
348,116506,6,1,1,4397,0
349,116507,6,1,1,4398,0
350,116508,7,1,1,4398,0
351,116518,6,1,1,445301,0
352,116519,6,1,1,445401,0
353,116701,18,1,1721,0,0
354,116702,6,1,1,4392,0
355,116703,7,1,1,4392,0
356,116704,18,1,1733,0,0
357,116705,7,1,1,4410,0
358,116706,6,1,1,4410,0
359,116707,18,1,1777,0,0
360,116708,18,1,1778,0,0
361,116709,18,1,1779,0,0
362,116710,18,1,1780,0,0
363,116801,6,1,1,4413,0
364,116803,6,1,1,4414,0
365,116804,7,1,1,4414,0
366,116805,6,1,1,4416,0
367,117304,6,1,2,4474,0
368,117404,6,1,3,4478,0
369,117435,6,1,1,4503,0
370,117501,6,1,3,4500,0
371,117504,6,1,1,1201,0
372,117603,6,1,1,4558,0
373,117604,6,1,1,4584,0
374,117605,6,1,1,4588,0
375,117606,6,1,1,4589,0
376,117608,6,1,1,4590,0
377,117609,6,1,1,4591,0
378,117610,6,1,1,4592,0
379,117611,6,1,1,4593,0
380,117612,6,1,1,4594,0
381,117613,6,1,1,4595,0
382,117614,6,1,1,4596,0
383,117615,7,1,1,4598,0
384,117616,7,1,1,4599,0
385,117617,7,1,1,4600,0
386,117618,7,1,1,4601,0
387,117619,6,1,1,4606,0
388,117634,6,1,1,4604,0
389,117635,6,1,1,4605,0
390,117636,6,1,1,4609,0
391,117637,6,1,1,4586,0
392,117638,6,1,1,4607,0
393,117701,7,1,1,4532,0
394,117702,7,1,3,4532,0
395,117703,7,1,5,4532,0
396,117704,7,1,6,4532,0
397,117705,7,1,1,4533,0
398,117707,6,1,1,4511,0
399,117716,6,1,1,4520,0
400,117717,6,1,1,4521,0
401,117718,6,1,1,4522,0
402,117719,6,1,1,4523,0
403,117720,6,1,1,4524,0
404,117721,6,1,1,4525,0
405,117722,2,1,70,0,0
406,117723,2,1,40,0,0
407,117724,7,1,1,4533,0
408,117725,6,2,1,4536,0
409,117726,6,1,1,4537,0
410,117727,6,1,1,4539,0
411,117732,6,1,2,4572,0
412,117733,6,1,1,4571,0
413,117734,6,1,1,4511,0
414,117735,6,1,1,4573,0
415,117737,18,1,1941,0,0
416,117738,6,1,1,4568,0
417,117803,6,1,1,4542,0
418,117901,6,1,1,4611,0
419,117903,7,1,1,4611,0
420,118002,6,1,1,4619,0
421,118003,6,1,6,4619,0
422,118004,6,1,4,4619,0
423,118005,6,1,1,4621,0
424,118006,6,1,1,4623,0
425,118007,6,1,10,4619,0
426,118009,6,1,1,4620,0
427,118010,6,1,1,4622,0
428,118011,6,1,8,4619,0
429,118012,7,1,10,4619,0
430,118104,6,1,1,4648,0
431,118108,7,1,1,4650,0
432,118109,6,1,1,4650,0
433,118111,7,1,1,4652,0
434,118117,6,1,1,4649,0
435,118126,6,1,1,4658,0
436,118147,6,1,1,4711,0
437,118159,6,1,1,4713,0
438,118160,7,1,1,4713,0
439,118163,6,1,1,4731,0
440,118164,7,1,1,4731,0
441,118171,6,1,1,4728,0
442,118310,6,1,1,4719,0
443,118402,6,2,1,4708,0
444,119002,7,1,1,4681,0
445,119003,6,1,1,4681,0
446,119004,6,1,1,4682,0
447,119030,6,1,1,4732,0
448,119104,6,1,1,4685,0
449,119105,6,1,1,4688,0
450,119106,6,1,1,4685,0
451,119202,7,1,1,4735,0
452,119203,6,1,1,4739,0
453,119204,6,1,1,4735,0
454,119205,6,1,1,4758,0
455,119207,18,1,2093,0,0
456,119208,6,1,1,4757,0
457,119211,6,1,1,4761,0
458,119302,7,1,1,4737,0
459,119303,6,1,1,4737,0
460,119305,6,1,1,4756,0
461,119307,18,1,2094,0,0
462,119309,6,1,1,4755,0
463,120001,6,1,1,1201,0
464,120002,6,1,1,1202,0
465,120003,6,1,1,1203,0
466,120004,6,1,1,1204,0
467,120005,6,1,1,1206,0
468,120006,6,1,1,1208,0
469,120008,6,1,1,1210,0
470,120009,7,1,1,1207,0
471,120010,6,1,1,1207,0
472,120011,6,1,1,1216,0
473,120100,6,1,1,120106,0
474,120101,6,1,1,120101,0
475,120102,7,1,2,120102,0
476,120103,7,1,2,120103,0
477,120104,7,1,2,120104,0
478,120107,6,1,1,120102,0
479,120108,6,1,1,120103,0
480,120109,6,1,1,120104,0
481,120110,6,1,1,120105,0
482,120111,7,1,2,120105,0
483,120112,7,1,3,120111,0
484,120113,7,1,2,120111,0
485,120114,7,1,1,120111,0
486,120115,7,1,0,120111,0
487,190102,6,1,4,4232,0
488,190301,6,1,1,4290,0
489,190401,7,1,5,3300,0
490,190402,6,1,5,3300,0
491,200102,6,1,2,111,0
492,200201,7,1,1,301,0
493,200202,18,1,1083,0,0
494,200203,18,1,1084,0,0
495,200204,18,1,1085,0,0
496,200205,18,1,1086,0,0
497,200301,9,1,0,0,0
498,200302,2,1,5,0,0
499,200401,8,1,6,0,0
500,200402,8,1,"10051,10052,10056,10057,10058,10059,10060,10065,10070,10071,10072,10073,10077,10078,10082,10083,10084,10085,10086",0,0
501,200403,8,1,"10056,10059,10060,10065,10070,10071,10072,10073,10077,10078,10082,10083,10084,10085,10086,10087",0,0
502,200404,8,1,"10051,10052,10056,10057,10058,10059,10060,10065,10070,10071,10072,10073,10077,10078,10082,10083,10084,10085,10086",0,0
503,200405,8,1,"10053,10054,10055,10056,10060,10065,10070,10071,10072,10073,10077,10078,10082,10083,10084,10085,10086",0,0
504,200406,8,1,"10061,10064,10073,10074,10075,10076,10077,10082,10083,10084,10085,10086",0,0
505,200407,8,1,"10061,10064,10073,10074,10075,10076,10077,10082,10083,10084,10085,10086",0,0
506,200411,8,1,"10030,10031,10032,10033,10034,10035,10036,10037,10038,10039,10040,10041,10042",0,0
507,200412,8,1,"95,96,97,98,99,100,101,102,103,104",0,0
508,200413,8,1,"97,98,99,100,101,102,103,104",0,0
509,200414,8,1,"10120,10121,10122,10123,10124,10125,10126,10127,10128,10129,10132,10135,10136,10137,10142,10138,10143,10139,10141,10144,10155",0,0
510,200415,8,1,10120,0,0
511,200416,8,1,"10120,10123,10124",0,0
512,200417,8,1,"10125,10127,10128,10129,10106,10108,10109,10110,10111,10113,10114,10115,10116,10117,10118,10132,10135,10136,10137,10142,10138,10143,10139,10141,10144",0,0
513,200418,8,1,"10120,10121,10122,10123,10124,10125,10126,10127,10128,10129",0,0
514,200419,8,1,10120,0,0
515,200420,8,1,"10120,10117,10155",0,0
516,200421,8,1,"10120,10124",0,0
517,200422,8,1,"10122,10123,10124,10125,10126,10127,10128,10129,10155",0,0
518,200423,8,1,"10125,10127,10128,10129,10113,10114,10115,10116,10117,10118,10155",0,0
519,200424,8,1,10126,0,0
520,200425,8,1,"10125,10127,10128,10129,10117,10118,10132,10135,10136,10137,10142,10138,10143,10139,10141,10144",0,0
521,200426,8,1,"10131,10133,10134,10135,10136,10137,10142,10138,10143,10139,10140,10141,10144",0,0
522,200427,8,1,10117,0,0
523,200428,8,1,"10043,10044,10045,10046,10047,10048,10049,10050,10106,10108",0,0
524,200429,8,1,"10144,10155",0,0
525,200430,8,1,"10144,10155",0,0
526,200431,8,1,"10030,10031,10032,10033,10034,10035,10036,10037,10038,10039,10040,10041,10042",0,0
527,200432,8,1,"97,98,99,100,101,102,103,104",0,0
528,200451,8,1,"10030,10031,10032,10033,10034,10035,10036,10037,10038,10039,10040,10041,10042",0,0
529,200464,8,1,"85,86,87,88,89,90,91,92,93,94",0,0
530,200474,8,1,"85,86,87,88,89,90,91,92,93,94",0,0
531,200484,8,1,"5,6,7,8,9,10",0,0
532,200485,8,1,"10043,10044,10045,10046,10047,10048,10049,10050",0,0
533,200486,8,1,"10043,10044,10045,10046,10047,10048,10049,10050",0,0
534,200487,8,1,"10043,10044,10045,10046,10047,10048,10049,10050",0,0
535,201001,8,1,"10194,10210,10211,10228,10245,10249,10253,10258,10259,10265,10271,10272,10273",0,0
536,201002,8,1,"10194,10206,10208,10221,10223,10225,10236,10238,10239,10245,10249,10253,10256,10257,10262,10263,10264,10268,10269,10270,10271,10272,10273",0,0
537,201003,8,1,"10194,10210,10211,10228,10245,10249,10253,10258,10259,10265,10271,10272,10273",0,0
538,201004,8,1,"10194,10206,10208,10221,10223,10225,10236,10238,10239,10245,10249,10253,10256,10257,10262,10263,10264,10268,10269,10270,10271,10272,10273",0,0
539,201005,8,1,"10196,10199,10214,10217,10231,10233,10245,10249,10253,10254,10255,10260,10261,10266,10267,10271,10271,10272,10273",0,0
540,201007,8,1,"10223,10236,10239,10264,10268,10270",0,0
541,201431,8,1,"105,106,107,108,109,110,111,112,113,114",0,0
542,201434,8,1,114,0,0
543,202001,8,1,"10299,10344,10301,10345,10303,10346,10309,10349,10312,10350,10342,10365,10321,10353,10323,10354,10325,10355,10327,10356,10329,10331,10332,10334,10339,10340,10357,10358,10359,10360,10363,10364",0,0
544,202002,8,1,"10295,10343,10299,10344,10301,10345,10305,10347,10317,10352,10342,10365,10329,10331,10332,10334,10339,10340,10357,10358,10359,10360,10363,10364",0,0
545,202003,8,1,"10295,10343,10301,10345,10305,10347,10317,10352,10342,10365,10329,10331,10332,10334,10339,10340,10357,10358,10359,10360,10363,10364",0,0
546,202004,8,1,"10295,10343,10301,10345,10305,10347,10317,10352,10342,10365,10329,10331,10332,10334,10339,10340,10357,10358,10359,10360,10363,10364",0,0
547,202005,8,1,"10295,10343,10299,10344,10301,10345,10305,10347,10342,10365,10317,10352,10329,10331,10332,10334,10339,10340,10357,10358,10359,10360,10363,10364",0,0
548,202006,8,1,"10299,10344,10301,10345,10303,10346,10309,10349,10342,10365,10321,10353,10323,10354,10325,10355,10327,10356,10329,10331,10332,10334,10339,10340,10357,10358,10359,10360,10363,10364",0,0
549,202007,8,1,"10299,10344,10303,10346,10309,10349,10317,10352,10329,10331,10332,10334,10339,10340,10357,10358,10359,10360,10363,10364",0,0
550,202008,8,1,"10299,10344,10303,10346,10309,10349,10342,10365,10329,10331,10332,10334,10339,10340,10357,10358,10359,10360,10363,10364",0,0
551,202009,8,1,"10303,10346,10342,10365",0,0
552,202010,8,1,"10299,10344,10307,10348,10342,10365",0,0
553,202011,8,1,"10307,10348,10351,10314,10342,10365",0,0
554,202012,8,1,"10307,10348,10314,10351,10342,10365",0,0
555,202013,8,1,"10307,10348,10314,10351,10342,10365",0,0
556,300105,6,1,1,301,0
557,300106,6,1,1,301,0
558,300107,6,1,1,301,0
559,300108,6,1,1,307,0
560,300109,6,1,1,306,0
561,300110,6,1,1,301,0
562,300113,6,1,8,327,0
563,300118,6,1,99,1370,0
564,300120,6,1,1,1399,0
565,300201,7,1,1,301,0
566,300203,7,1,1,301,0
567,300205,18,1,1047,0,0
568,300206,7,1,1,1367,0
569,300301,6,1,1,988,0
570,300309,6,1,1,310,0
571,300310,7,1,1,310,0
572,300319,6,1,1,310,0
573,300320,7,1,1,310,0
574,300701,6,1,1,301,0
575,300801,6,1,1,308,0
576,300802,7,1,1,308,0
577,300905,18,1,1613,0,0
578,300906,18,1,1614,0,0
579,300907,18,1,1615,0,0
580,300908,18,1,1616,0,0
581,300909,18,1,1617,0,0
582,300910,18,1,1618,0,0
583,300911,18,1,1619,0,0
584,301003,6,1,1,0,0
585,301004,6,1,1,0,0
586,301401,6,1,1,302,0
587,301402,6,1,1,303,0
588,301502,6,1,3,305,0
589,301503,6,1,3,305,0
590,301504,6,1,3,305,0
591,301604,6,1,1,113,0
592,301704,7,1,1,113,0
593,301804,7,1,1,347,0
594,301901,7,1,1,351,0
595,302001,7,1,1,354,0
596,310202,7,1,1,863,0
597,310302,6,1,1,1357,0
598,310303,6,1,1,863,0
599,400901,2,1,85,0,0
600,400902,2,1,60,0,0
601,400903,2,1,30,0,0
602,401002,2,1,80,0,0
603,401003,2,1,65,0,0
604,401004,2,1,45,0,0
605,401005,2,1,25,0,0
606,401101,2,1,50,0,0
607,401102,2,1,50,0,0
608,401103,2,1,25,0,0
609,401104,2,1,25,0,0
610,401201,2,1,75,0,0
611,401202,2,1,50,0,0
612,401203,2,1,25,0,0
613,401401,2,1,99,0,0
614,401402,2,1,99,0,0
615,401601,2,1,50,0,0
616,401701,2,1,25,0,0
617,401801,6,1,1,326,0
618,401901,2,1,70,0,0
619,401902,2,1,40,0,0
620,402001,2,1,70,0,0
621,402002,2,1,30,0,0
622,402003,2,1,70,0,0
623,402004,2,1,30,0,0
624,402302,2,1,70,0,0
625,402404,6,1,1,372,0
626,402405,6,1,1,373,0
627,402406,6,1,1,374,0
628,402407,6,1,1,375,0
629,402501,7,1,1,378,0
630,402502,7,1,1,378,0
631,402503,2,1,60,0,0
632,402504,6,1,1,378,0
633,402602,6,1,3,252,0
634,402809,6,1,1,260,0
635,402810,6,1,1,261,0
636,402811,6,1,1,262,0
637,402812,6,1,1,263,0
638,402813,6,1,1,264,0
639,402814,6,1,1,265,0
640,402815,6,1,1,266,0
641,402819,6,1,1,267,0
642,402821,2,1,30,0,0
643,402901,2,1,85,0,0
644,402903,7,1,1,280,0
645,402904,6,1,1,282,0
646,402906,2,1,30,0,0
647,402907,7,1,1,170,0
648,402908,6,1,1,171,0
649,402912,2,1,90,0,0
650,402913,2,1,75,0,0
651,402914,2,1,60,0,0
652,402915,2,1,70,0,0
653,402916,2,1,55,0,0
654,402917,2,1,40,0,0
655,402918,2,1,15,0,0
656,402919,2,1,25,0,0
657,402920,7,1,1,280,0
658,402921,2,1,50,0,0
659,402923,2,1,25,0,0
660,403005,6,1,1,290,0
661,403006,6,1,1,287,0
662,403007,6,1,1,288,0
663,403008,6,1,1,289,0
664,403013,6,1,1,290,0
665,403014,6,1,1,297,0
666,403015,6,1,1,298,0
667,403016,6,1,1,299,0
668,403021,6,1,1,290,0
669,403022,6,1,1,158,0
670,403023,6,1,1,159,0
671,403024,6,1,1,160,0
672,403104,6,1,1,162,0
673,403106,6,1,1,164,0
674,403202,6,1,1,379,0
675,403203,6,1,1,380,0
676,403204,6,1,1,381,0
677,403205,6,1,1,382,0
678,403206,2,1,90,0,0
679,403207,2,1,60,0,0
680,403208,2,1,30,0,0
681,403301,2,1,75,0,0
682,403302,2,1,25,0,0
683,403304,2,1,20,0,0
684,403403,6,1,1,1322,0
685,403406,6,1,1,1339,0
686,403502,7,1,1,3137,0
687,403503,7,1,1,3136,0
688,403504,6,1,1,3136,0
689,403704,6,1,1,3142,0
690,403901,7,1,1,3270,0
691,403903,6,1,1,3269,0
692,404003,6,1,1,938,0
693,404004,7,1,1,938,0
694,404006,6,1,2,938,0
695,404010,7,1,1,526,0
696,404014,6,1,1,526,0
697,404015,2,1,75,0,0
698,404016,2,1,50,0,0
699,404017,2,1,25,0,0
700,404018,6,1,1,533,0
701,404019,6,1,2,529,0
702,404020,2,1,70,0,0
703,404021,2,1,30,0,0
704,404022,6,1,1,532,0
705,404023,6,1,1,530,0
706,404100,3,1,90,0,0
707,404103,6,1,1,547,0
708,404105,7,1,1,558,0
709,404112,2,1,49,0,0
710,404113,6,1,1,557,0
711,404114,6,1,1,562,0
712,404115,6,1,1,561,0
713,404117,6,1,1,556,0
714,404126,7,1,1,570,0
715,404201,7,1,1,537,0
716,404203,6,1,1,537,0
717,404204,2,1,51,0,0
718,404207,6,1,1,541,0
719,404208,7,1,1,541,0
720,404209,6,1,1,543,0
721,404211,6,1,1,544,0
722,404212,6,1,1,548,0
723,404213,2,1,49,0,0
724,404214,6,1,1,555,0
725,404215,6,1,1,555,0
726,404225,6,1,1,566,0
727,404227,6,1,1,567,0
728,404228,7,1,1,569,0
729,404230,6,1,1,568,0
730,404301,2,1,76,0,0
731,404302,2,1,51,0,0
732,404303,2,1,25,0,0
733,404304,3,1,25,0,0
734,404307,6,1,1,549,0
735,404308,6,1,1,550,0
736,404310,7,1,1,551,0
737,404311,7,1,1,564,0
738,404313,3,1,76,0,0
739,404314,7,1,1,565,0
740,404317,6,1,1,572,0
741,404503,6,1,1,3154,0
742,404703,7,1,1,3179,0
743,404704,6,1,1,3179,0
744,404708,6,1,1,3180,0
745,404730,6,1,20,3180,0
746,404732,7,1,1,3180,0
747,404816,6,1,9,301,0
748,404817,6,1,1,3225,0
749,404818,6,1,1,3226,0
750,404819,6,1,1,3227,0
751,404820,6,1,1,3228,0
752,404821,6,1,1,3229,0
753,404822,6,1,1,3230,0
754,404835,7,1,1,3231,0
755,404836,7,1,1,3232,0
756,404837,7,1,1,3233,0
757,404838,7,1,1,3234,0
758,404839,7,1,1,3235,0
759,404840,7,1,1,3236,0
760,404848,2,1,75,0,0
761,404849,2,1,50,0,0
762,404850,2,1,25,0,0
763,404901,6,1,1,3249,0
764,404908,7,1,1,3249,0
765,404917,6,1,1,3275,0
766,405201,7,1,1,3280,0
767,405202,7,1,1,3281,0
768,405301,6,1,1,3296,0
769,405308,6,1,1,3285,0
770,405309,6,1,1,3286,0
771,405310,6,1,1,3287,0
772,405311,6,1,1,3288,0
773,405312,6,1,1,3289,0
774,405313,6,1,1,3290,0
775,405325,6,1,1,3298,0
776,405326,6,1,1,3299,0
777,405327,6,1,1,4000,0
778,405328,6,1,1,4001,0
779,405337,6,1,1,4009,0
780,405338,6,1,1,4010,0
781,405339,6,1,1,4011,0
782,405340,6,1,1,4012,0
783,405341,6,1,1,4013,0
784,405342,6,1,1,4014,0
785,405345,2,1,70,0,0
786,405346,2,1,30,0,0
787,405348,7,1,1,4017,0
788,405401,7,1,1,3294,0
789,405404,6,1,1,3294,0
790,405409,6,1,1,3297,0
791,405410,6,1,1,4002,0
792,406001,7,1,1,541,0
793,406005,6,1,2,1332,0
794,406006,6,1,2,1333,0
795,406007,6,1,1,1329,0
796,406009,6,1,1,541,0
797,406010,6,1,1,1354,0
798,406105,6,1,1,1345,0
799,406106,13,1,20,0,0
800,406202,7,1,1,4116,0
801,406203,6,1,6,4115,0
802,406204,3,1,75,0,0
803,406205,3,1,50,0,0
804,406206,3,1,25,0,0
805,406210,6,1,1,4098,0
806,406211,6,1,1,4099,0
807,406212,6,1,1,4100,0
808,406221,2,1,25,0,0
809,406222,2,1,50,0,0
810,406223,2,1,75,0,0
811,406231,6,1,1,4120,0
812,406302,2,1,30,0,0
813,406304,7,1,1,4104,0
814,406305,18,1,1487,0,0
815,406306,7,1,1,4106,0
816,406308,6,1,1,4108,0
817,406309,2,1,70,0,0
818,406310,2,1,40,0,0
819,406311,7,1,1,4107,0
820,406314,6,1,1,4110,0
821,406315,6,1,1,4111,0
822,406316,6,1,1,4107,0
823,406604,7,1,1,4172,0
824,406605,7,1,1,4173,0
825,406606,7,1,1,4174,0
826,406607,7,1,1,4175,0
827,406608,7,1,1,4176,0
828,406609,7,1,1,4177,0
829,406701,6,1,1,4187,0
830,406702,7,1,1,4183,0
831,406704,6,1,1,4188,0
832,406729,6,1,1,4178,0
833,406730,6,1,1,4179,0
834,406731,6,1,1,4180,0
835,406732,6,1,1,4181,0
836,406801,6,1,1,4185,0
837,406802,7,1,1,4174,0
838,406840,6,1,20,4220,0
839,406841,7,1,20,4220,0
840,406844,7,1,1,4220,0
841,406901,7,1,1,4271,0
842,406902,6,1,1,4276,0
843,406903,6,1,1,4271,0
844,406904,6,1,15,4272,0
845,406905,7,1,1,4273,0
846,406907,7,1,1,4275,0
847,406909,6,1,1,4277,0
848,406910,6,1,1,4278,0
849,407002,18,1,1969,0,0
850,407003,6,2,1,4664,0
851,407004,6,1,1,4662,0
852,407005,6,1,1,4663,0
853,407203,2,1,70,0,0
854,407204,2,1,40,0,0
855,407205,6,1,1,4694,0
856,407304,6,1,1,4671,0
857,407306,6,1,1,4675,0
858,407307,6,1,1,4691,0
859,407407,6,1,1,4700,0
860,407408,6,1,1,4701,0
861,407409,6,1,1,4702,0
862,407410,6,1,1,4703,0
863,407411,6,1,1,4704,0
864,407502,18,1,2073,0,0
865,411002,7,1,1,4242,0
866,411003,6,1,15,4241,0
867,411004,6,1,1,4242,0
868,411005,6,1,1,4243,0
869,411006,2,1,70,0,0
870,411007,2,1,40,0,0
871,411008,2,1,10,0,0
872,411102,7,1,1,4251,0
873,411103,7,1,1,4245,0
874,411104,6,1,5,4244,0
875,411105,2,1,70,0,0
876,411106,2,1,40,0,0
877,411107,2,1,10,0,0
878,411301,6,1,10,4253,0
879,411401,6,1,1,4283,0
880,411403,2,1,30,0,0
881,411407,7,1,1,4283,0
882,411503,18,1,1607,0,0
883,411505,2,1,70,0,0
884,411506,2,1,40,0,0
885,411507,2,1,10,0,0
886,411603,2,1,50,0,0
887,500001,6,1,3,952,0
888,500002,6,1,1,952,0
889,500003,6,1,1,958,0
890,500004,6,1,1,955,0
891,500005,6,1,1,957,0
892,500006,6,2,1,943,0
893,500009,6,1,1,980,0
894,500010,6,1,1,961,0
895,500011,6,1,1,979,0
896,500012,6,1,1,960,0
897,500016,6,1,1,982,0
898,500018,6,1,1,984,0
899,500019,6,1,1,985,0
900,500020,6,1,4,986,0
901,500021,6,1,3,986,0
902,500023,6,1,1,987,0
903,500025,6,1,3,986,0
904,500026,6,1,1,986,0
905,500101,0,0,0,0,0
906,500102,0,0,0,0,0
907,500103,0,0,0,0,0
908,500104,0,0,0,0,0
909,501007,18,1,1006,0,0
910,501009,6,1,1,5019,0
911,501011,6,1,1,5031,0
912,501012,18,1,1012,0,0
913,501013,18,1,1013,0,0
914,501014,18,1,1014,0,0
915,501015,18,1,1015,0,0
916,501016,18,1,1016,0,0
917,501017,7,1,1,5020,0
918,501018,6,1,1,5033,0
919,501019,6,1,1,5032,0
920,501031,6,1,1,893,0
921,501032,7,1,1,894,0
922,501033,7,1,1,893,0
923,501042,7,1,1,152,0
924,501070,6,1,4,895,0
925,501073,6,1,1,1304,0
926,501074,6,1,1,1305,0
927,501084,6,1,1,1307,0
928,501085,6,1,1,1308,0
929,501086,6,1,1,1309,0
930,501087,6,1,1,1310,0
931,501090,6,1,1,1306,0
932,501091,7,1,1,1306,0
933,501092,6,1,1,1312,0
934,501098,6,1,1,1314,0
935,501100,6,1,1,1315,0
936,501102,6,1,1,1316,0
937,501104,6,1,1,1317,0
938,501105,6,1,1,1320,0
939,501106,6,1,1,1324,0
940,501108,6,1,3,101,1
941,501109,6,1,1,1311,0
942,501110,14,2,49,0,0
943,501111,15,2,51,0,0
944,501112,16,2,500,0,0
945,501113,17,2,500,0,0
946,501118,6,1,1,1327,0
947,501138,6,1,1,1340,0
948,501139,6,1,2,1340,0
949,501140,6,1,3,1340,0
950,502001,7,1,1,4614,0
951,502003,18,1,1943,0,0
952,502005,18,1,1944,0,0
953,502006,6,1,1,4614,0
954,510102,18,2,1048,0,0
955,510106,6,1,1,1373,0
956,510107,6,1,3,1376,0
957,510201,6,1,1,1382,0
958,510204,7,1,1,1385,0
959,510301,6,1,3,4025,0
960,510302,6,1,1,4026,0
961,510303,7,1,1,4018,0
962,510304,6,1,3,4019,0
963,510305,7,1,1,163,0
964,600101,7,1,1,215,0
965,600303,6,1,1,60005,0
966,600304,7,1,1,60006,0
967,600305,7,1,1,60004,0
968,600306,6,1,2,60004,0
969,600307,6,1,1,60004,0
970,600308,7,1,2,60004,0
971,600313,6,1,1,60025,0
972,600404,6,1,1,60008,0
973,600501,18,1,1490,0,0
974,600502,18,1,1491,0,0
975,600503,7,1,1,60022,0
976,600504,6,1,1,60026,0
977,600703,7,1,1,60015,0
978,600704,6,1,1,60015,0
979,600826,6,1,1,4388,0
980,600827,6,1,1,4389,0
981,600828,6,1,1,4390,0
982,600829,6,1,1,4391,0
983,600830,6,1,1,4391,0
984,600831,6,1,1,4391,0
985,601401,6,1,1,302,0
986,601402,6,1,1,303,0
987,610007,20,1,1,0,0
988,700102,6,1,1,604,0
989,700103,6,1,1,607,0
990,700107,6,1,1,603,0
991,700205,6,1,1,602,0
992,700206,6,1,1,602,0
993,700207,6,1,1,602,0
994,700208,6,1,1,602,0
995,700212,6,1,1,672,0
996,700213,6,1,1,673,0
997,700214,6,1,1,609,0
998,700215,6,1,1,675,0
999,700216,6,1,1,674,0
1000,700900,7,1,1,608,0
1001,700901,6,1,10,641,0
1002,700902,6,1,10,642,0
1003,700903,6,1,10,643,0
1004,700904,6,1,10,644,0
1005,700905,6,1,10,645,0
1006,700906,6,1,10,646,0
1007,700907,6,1,10,647,0
1008,700908,6,1,10,648,0
1009,700909,6,1,10,649,0
1010,700910,6,1,10,650,0
1011,700911,6,1,10,651,0
1012,700912,6,1,10,652,0
1013,700913,6,1,10,653,0
1014,700914,6,1,10,654,0
1015,700915,6,1,10,655,0
1016,700916,6,1,10,656,0
1017,700917,6,1,10,657,0
1018,700918,6,1,10,658,0
1019,700919,6,1,10,659,0
1020,700920,6,1,10,660,0
1021,700921,6,1,10,661,0
1022,700922,6,1,10,662,0
1023,700923,6,1,10,663,0
1024,700924,6,1,10,664,0
1025,700925,6,1,10,665,0
1026,700926,6,1,10,666,0
1027,700927,6,1,10,667,0
1028,700928,6,1,10,668,0
1029,700929,6,1,10,669,0
1030,700930,6,1,10,670,0
1031,701007,6,1,1,1101,0
1032,701008,6,1,1,1104,0
1033,701009,6,1,1,1108,0
1034,701010,6,1,1,1109,0
1035,701011,6,1,1,1110,0
1036,701012,6,1,1,1111,0
1037,701013,6,1,1,1112,0
1038,701014,6,1,1,1113,0
1039,701015,6,1,1,1116,0
1040,701016,6,1,1,1102,0
1041,701017,6,1,1,1103,0
1042,701018,6,1,1,1119,0
1043,701019,6,1,1,1120,0
1044,701020,6,1,1,1121,0
1045,701021,6,1,1,1122,0
1046,701022,6,1,1,1123,0
1047,701023,6,1,1,1124,0
1048,701024,6,1,1,1125,0
1049,701025,6,1,1,1126,0
1050,701026,6,1,1,1127,0
1051,701027,6,1,1,1128,0
1052,701028,7,1,1,1129,0
1053,701029,6,1,1,1129,0
1054,702001,8,1,"900412,900441",0,0
1055,702002,8,1,"900422,900442",0,0
1056,702004,8,1,"900432,900443",0,0
1057,702006,8,1,900431,0,0
1058,702009,8,1,900421,0,0
1059,702011,8,1,900411,0,0
1060,702012,8,1,"115,116,117",0,0
1061,702013,8,1,"115,118,119,122,123",0,0
1062,702014,8,1,"118,120,121,122,123",0,0
1063,702015,8,1,"120,121,124",0,0
1064,702016,8,1,"120,121",0,0
1065,702017,8,1,126,0,0
1066,702018,8,1,"127,128",0,0
1067,702019,8,1,"129,130",0,0
1068,702020,8,1,"127,128,131,132,133",0,0
1069,702041,8,1,11116,0,0
1070,702042,8,1,11116,0,0
1071,710101,6,1,1,3012,0
1072,710102,6,1,1,3007,0
1073,710103,6,1,1,3008,0
1074,710104,6,1,1,3009,0
1075,710105,6,1,1,3010,0
1076,710106,6,1,1,3011,0
1077,710116,7,2,1,3016,0
1078,710123,6,1,1,3051,0
1079,710124,6,1,1,3052,0
1080,710125,6,1,1,3053,0
1081,710126,6,1,1,3054,0
1082,710128,6,1,1,3055,0
1083,710129,6,1,1,3056,0
1084,710130,6,1,1,3057,0
1085,710131,6,1,1,3058,0
1086,710132,6,1,1,3059,0
1087,710201,6,1,1,3050,0
1088,710203,6,1,1,3000,0
1089,710206,6,1,1,3049,0
1090,710302,6,1,2,3018,0
1091,710303,6,1,1,3018,0
1092,710304,7,1,1,3018,0
1093,710405,7,2,1,3028,0
1094,710406,6,1,1,3032,0
1095,710407,6,1,1,3003,0
1096,710409,6,1,1,3041,0
1097,710410,6,1,1,3027,0
1098,710502,7,1,1,3024,0
1099,710503,6,1,1,3024,0
1100,710504,6,1,20,3023,0
1101,710505,6,1,1,3004,0
1102,710507,6,1,1,3023,0
1103,710508,6,1,1,3120,0
1104,710602,6,1,1,3026,0
1105,710603,6,1,1,3001,0
1106,710608,7,1,1,3026,0
1107,710609,6,1,1,3026,0
1108,710702,6,1,10,3085,0
1109,710705,18,1,1190,0,0
1110,710707,18,1,1191,0,0
1111,710708,6,1,1,3085,0
1112,710801,8,1,"10278,10283,10286,10291",0,0
1113,710802,8,1,"10277,10279,10282,10285,10287,10290",0,0
1114,710803,8,1,"10277,10280,10281,10283,10285,10288,10289,10291",0,0
1115,710804,8,1,"10279,10284,10287,10292",0,0
1116,710805,8,1,"10277,10279,10282,10285,10287,10290",0,0
1117,710806,8,1,"10281,10284,10289,10292",0,0
1118,710807,8,1,"10279,10282,10287,10290",0,0
1119,710808,8,1,"10279,10282,10287,10290",0,0
1120,710809,8,1,"10277,10280,10281,10283,10285,10288,10289,10291",0,0
1121,710810,8,1,"10279,10282,10284,10287,10290,10292",0,0
1122,710811,8,1,"10281,10289",0,0
1123,710812,8,1,"10278,10282,10284,10286,10290,10292",0,0
1124,710813,8,1,"10278,10284,10286,10292",0,0
1125,711001,7,1,1,3110,0
1126,711002,6,1,1,3110,0
1127,711003,6,1,1,3112,0
1128,711004,6,1,1,3113,0
1129,711005,6,1,1,3114,0
1130,711006,6,1,1,3115,0
1131,711007,7,1,1,3112,0
1132,711008,7,1,1,3113,0
1133,711009,7,1,1,3114,0
1134,711010,7,1,1,3115,0
1135,711101,7,1,1,3111,0
1136,711103,6,1,1,3111,0
1137,740002,6,1,1,7725,0
1138,740004,6,1,1,7727,0
1139,740009,7,1,1,7732,0
1140,740010,6,1,1,7734,0
1141,740012,7,2,1,459,0
1142,740013,2,1,30,0,0
1143,740014,6,2,1,7737,0
1144,740019,6,1,1,7738,0
1145,740020,6,1,1,7739,0
1146,740021,6,1,1,7740,0
1147,740022,6,1,1,7741,0
1148,740023,6,1,1,7742,0
1149,740024,6,1,1,7729,0
1150,740027,6,1,1,8270,0
1151,740029,7,1,1,8266,0
1152,740030,6,1,1,8266,0
1153,740031,6,1,30,8267,0
1154,740032,6,1,1,8276,0
1155,740033,18,1,4563,0,0
1156,740034,6,1,1,8274,0
1157,740035,6,1,3,8278,0
1158,740036,6,1,1,8273,0
1159,750023,7,1,1,7583,0
1160,750024,7,1,1,7582,0
1161,750027,6,1,1,7584,0
1162,750029,7,1,1,7586,0
1163,750030,7,1,1,301,0
1164,750031,7,1,1,7635,0
1165,750032,6,1,1,7636,0
1166,750033,6,1,1,7634,0
1167,750058,7,1,1,7698,0
1168,750068,7,1,1,7708,0
1169,750069,6,1,1,7707,0
1170,750070,6,1,2,7707,0
1171,750071,6,1,1,7708,0
1172,750072,6,1,1,7715,0
1173,750073,6,1,1,7714,0
1174,750074,7,1,1,7714,0
1175,750076,6,1,1,7719,0
1176,750077,7,1,1,7719,0
1177,750082,6,1,1,7745,0
1178,750083,7,1,1,7746,0
1179,750095,7,2,1,3766,0
1180,750141,7,1,1,7768,0
1181,750143,6,1,1,7765,0
1182,750145,6,1,1,7762,0
1183,750146,6,1,1,7761,0
1184,750147,7,2,1,7768,0
1185,750148,6,1,5,7769,0
1186,750149,7,1,1,7769,0
1187,750150,6,1,100,7771,0
1188,750151,7,1,100,7771,0
1189,750152,6,1,1,7774,0
1190,750154,7,1,1,7772,0
1191,750158,6,1,1,7772,0
1192,750167,7,2,1,459,0
1193,750172,7,2,1,7777,0
1194,750173,7,1,1,7777,0
1195,750174,6,1,1,7765,0
1196,750175,6,1,1,7775,0
1197,750176,6,1,1,7776,0
1198,750181,6,1,1,7783,0
1199,750182,6,1,1,7782,0
1200,750183,7,1,1,7782,0
1201,750188,7,1,1,7788,0
1202,750190,6,1,1,7792,0
1203,750191,6,1,1,7793,0
1204,750194,7,1,1,7796,0
1205,750195,6,1,1,7796,0
1206,750199,7,1,1,7891,0
1207,750200,6,1,1,7892,0
1208,750201,7,1,1,7898,0
1209,750202,7,1,1,7891,0
1210,750203,6,1,1,7891,0
1211,750204,6,1,1,7898,0
1212,750205,7,1,1,7931,0
1213,750206,6,1,1,7930,0
1214,750207,6,1,1,7931,0
1215,750213,6,1,1,7933,0
1216,750214,6,1,1,7939,0
1217,750217,6,1,1,7991,0
1218,750218,6,1,1,7992,0
1219,750219,6,1,1,7993,0
1220,750220,6,1,1,7994,0
1221,750221,6,1,1,7995,0
1222,750222,6,1,1,7996,0
1223,750223,6,1,1,7997,0
1224,750224,7,1,1,7998,0
1225,750227,7,1,1,7999,0
1226,750228,6,1,1,7989,0
1227,750229,6,1,1,7999,0
1228,750231,6,1,1,8003,0
1229,750245,6,1,6,8015,0
1230,750273,6,1,1,8039,0
1231,750274,18,1,4430,0,0
1232,750275,18,1,4431,0,0
1233,750276,6,1,1,8032,0
1234,750277,6,1,1,8042,0
1235,750281,18,1,4432,0,0
1236,750282,18,1,4433,0,0
1237,750283,18,1,4434,0,0
1238,750284,6,1,1,8063,0
1239,750285,6,1,1,8029,0
1240,750286,6,1,1,8030,0
1241,750287,6,1,1,8031,0
1242,750299,6,1,6,8033,0
1243,750300,7,1,1,8068,0
1244,750301,6,1,1,8079,0
1245,750303,6,1,1,8068,0
1246,750304,6,1,1,8083,0
1247,750310,6,1,1,8085,0
1248,750311,7,1,1,8085,0
1249,750312,6,1,1,8096,0
1250,750313,6,1,1,8097,0
1251,750314,18,1,4447,0,0
1252,750315,18,1,4448,0,0
1253,750317,6,1,1,8102,0
1254,750318,6,1,1,8103,0
1255,750321,6,1,1,8104,0
1256,750322,6,1,1,8105,0
1257,750324,6,1,1,8114,0
1258,750326,6,1,1,8111,0
1259,750327,6,1,6,8112,0
1260,750328,18,1,4450,0,0
1261,750329,6,1,1,8116,0
1262,750331,7,1,1,8121,0
1263,750333,6,1,1,8125,0
1264,750341,6,1,1,8160,0
1265,750346,7,1,1,8172,0
1266,750347,6,1,1,8172,0
1267,750348,6,1,1,8173,0
1268,750349,6,1,1,7992,0
1269,750350,6,1,1,7993,0
1270,750351,6,1,1,7994,0
1271,750352,6,1,1,7995,0
1272,750353,6,1,1,7996,0
1273,750354,6,1,1,7997,0
1274,750361,6,1,1,8191,0
1275,750362,6,1,1,8192,0
1276,750366,7,1,1,8213,0
1277,750367,7,1,1,8196,0
1278,750370,7,1,1,8204,0
1279,750371,6,1,1,8204,0
1280,750372,6,1,1,8207,0
1281,750373,6,1,1,8212,0
1282,750374,7,1,1,8208,0
1283,750375,6,1,1,8210,0
1284,750376,6,1,1,8211,0
1285,750379,6,1,1,8219,0
1286,750383,7,1,1,8232,0
1287,750384,6,1,1,8232,0
1288,750386,7,1,1,8236,0
1289,750388,7,1,1,8237,0
1290,750389,7,1,1,8238,0
1291,750390,7,1,1,8239,0
1292,750391,7,1,1,8240,0
1293,750392,7,1,1,8241,0
1294,750393,7,1,1,8242,0
1295,750394,7,1,1,8243,0
1296,750396,7,1,1,8233,0
1297,750399,6,1,12,8261,0
1298,750402,18,1,4546,0,0
1299,750414,6,1,1,8315,0
1300,750415,7,1,1,8315,0
1301,750422,7,1,1,8304,0
1302,750423,6,1,1,8304,0
1303,750424,6,1,1,8324,0
1304,750425,6,1,1,8325,0
1305,750426,6,1,1,8326,0
1306,750427,6,1,1,8305,0
1307,750428,6,1,1,8320,0
1308,750429,6,1,1,8321,0
1309,750430,7,1,1,8327,0
1310,750431,6,1,1,8323,0
1311,750445,6,1,1,8332,0
1312,750446,6,1,1,8333,0
1313,750462,18,1,4578,0,0
1314,750471,6,1,1,8327,0
1315,755008,6,1,5,750101,0
1316,755013,3,1,50,0,0
1317,755014,2,1,50,0,0
1318,755017,7,1,1,7510,0
1319,755018,7,1,1,7511,0
1320,755022,7,1,1,7504,0
1321,755024,7,1,1,7502,0
1322,755036,7,1,1,7591,0
1323,755043,18,1,4142,0,0
1324,755044,6,1,1,7595,0
1325,755045,7,1,1,7595,0
1326,755046,18,1,4141,0,0
1327,755050,6,1,1,7599,0
1328,755052,6,1,1,7102,0
1329,755053,6,1,1,7599,0
1330,755057,7,1,3,7617,0
1331,755058,6,1,3,7617,0
1332,755068,6,2,1,7620,0
1333,755071,6,1,1,7627,0
1334,755072,2,1,75,0,0
1335,755073,2,1,50,0,0
1336,755074,2,1,25,0,0
1337,755075,18,0,4156,0,0
1338,755076,18,0,4157,0,0
1339,755077,18,0,4158,0,0
1340,755078,7,1,1,7676,0
1341,755079,6,1,1,7676,0
1342,755083,6,1,1,4532,0
1343,755084,6,1,2,4532,0
1344,755085,6,1,3,4532,0
1345,755086,6,1,4,4532,0
1346,755087,6,1,5,4532,0
1347,755091,18,1,4306,0,0
1348,755092,18,1,4307,0,0
1349,755093,18,1,4308,0,0
1350,755094,6,1,1,7806,0
1351,755095,7,1,1,7806,0
1352,755099,6,1,1,7803,0
1353,755102,6,1,1,7804,0
1354,755105,18,1,4309,0,0
1355,755106,18,1,4310,0,0
1356,755107,18,1,4311,0,0
1357,755108,18,1,4312,0,0
1358,755109,18,1,4313,0,0
1359,755110,18,1,4314,0,0
1360,755119,6,1,1,7810,0
1361,755123,6,1,1,7836,0
1362,755124,6,1,1,7837,0
1363,755126,6,2,3,7838,0
1364,755128,6,1,1,7841,0
1365,755132,6,1,4,7840,0
1366,755135,18,2,4353,0,0
1367,755136,18,1,4343,0,0
1368,755140,6,1,1,7861,0
1369,755141,2,1,20,0,0
1370,755142,3,1,20,0,0
1371,755143,6,1,1,7865,0
1372,755144,6,1,1,7866,0
1373,755145,6,1,1,7867,0
1374,755146,7,1,1,7867,0
1375,755148,18,1,4361,0,0
1376,755156,6,1,1,7878,0
1377,755160,7,1,1,7880,0
1378,755161,6,1,1,7829,0
1379,755162,6,1,1,7819,0
1380,755163,6,1,1,7881,0
1381,755164,6,1,1,7882,0
1382,755167,7,1,1,8146,0
1383,755171,6,1,5,8128,0
1384,755172,6,1,1,8131,0
1385,755174,6,1,1,8132,0
1386,755175,7,1,1,8132,0
1387,755177,2,1,70,0,0
1388,755178,2,1,40,0,0
1389,755179,2,1,10,0,0
1390,755181,6,1,1,8136,0
1391,755184,7,1,1,8138,0
1392,755185,6,1,1,8139,0
1393,755186,2,1,41,0,0
1394,755187,2,1,50,0,0
1395,755188,2,1,80,0,0
1396,755189,2,1,71,0,0
1397,755193,6,1,1,8143,0
1398,755195,6,1,1,8144,0
1399,756001,8,1,10766,0,0
1400,756004,6,2,1,750401,0
1401,756020,7,1,1,7514,0
1402,756032,6,2,1,7526,0
1403,756033,7,2,1,7526,0
1404,756046,18,1,4048,0,0
1405,756047,18,1,4049,0,0
1406,756048,6,1,1,7529,0
1407,756060,6,1,1,7549,0
1408,756074,6,2,1,7566,0
1409,756075,6,1,1,7569,0
1410,756116,6,1,1,7630,0
1411,756117,6,1,1,7628,0
1412,756118,2,1,50,0,0
1413,756121,2,1,70,0,0
1414,756132,6,1,1,500009,0
1415,756149,6,2,1,7642,0
1416,756150,6,2,1,7643,0
1417,756151,6,2,1,7645,0
1418,756152,6,2,1,7647,0
1419,756153,6,2,1,7649,0
1420,757058,18,1,4394,0,0
1421,757070,6,1,1,7955,0
1422,759010,6,1,1,1000,0
1423,759011,6,1,1,7720,0
1424,759022,18,1,2080,0,0
1425,759024,6,2,1,7928,0
1426,759027,18,2,4486,0,0
1427,800100,7,1,1,703,0
1428,800102,6,1,1,704,0
1429,800103,6,1,1,705,0
1430,800104,6,1,1,706,0
1431,800105,6,1,1,707,0
1432,800106,6,1,1,708,0
1433,800107,6,1,1,709,0
1434,800108,6,1,1,710,0
1435,800202,7,1,1,721,0
1436,800203,6,1,1,722,0
1437,800301,7,1,1,301,0
1438,800302,6,1,1,301,0
1439,800402,6,1,1,720,0
1440,800501,7,1,1,301,0
1441,800503,6,1,1,301,0
1442,800504,6,1,1,718,0
1443,800703,6,1,1,737,0
1444,800802,6,1,1,734,0
1445,800902,6,1,1,736,0
1446,801001,7,1,1,172,0
1447,801002,6,1,1,183,0
1448,801102,7,1,1,739,0
1449,801103,6,1,1,715,0
1450,801104,6,1,1,712,0
1451,801106,6,1,4,712,0
1452,801108,6,1,1,741,0
1453,801109,6,1,1,740,0
1454,801202,6,1,1,712,0
1455,801203,7,1,1,712,0
1456,801301,6,1,1,992,0
1457,801303,6,1,1,969,0
1458,801304,6,1,1,991,0
1459,801307,7,2,1,968,0
1460,801401,6,1,1,995,0
1461,801403,6,1,1,974,0
1462,801404,7,1,1,975,0
1463,801406,6,1,1,990,0
1464,801408,6,1,1,996,0
1465,801602,6,1,1,971,0
1466,801603,6,1,1,503,0
1467,801604,6,1,1,504,0
1468,801605,6,1,1,502,0
1469,801701,6,1,1,997,0
1470,801802,6,2,1,989,0
1471,801804,6,1,1,505,0
1472,801902,6,1,1,874,0
1473,802102,6,1,1,870,0
1474,802103,6,1,1,872,0
1475,802203,6,1,1,868,0
1476,802204,6,1,1,869,0
1477,802205,6,1,1,875,0
1478,802302,6,1,1,1389,0
1479,802303,6,1,1,1391,0
1480,802402,6,2,1,1392,0
1481,802404,7,2,1,1394,0
1482,802501,7,1,1,1403,0
1483,802502,6,1,1,1402,0
1484,802503,6,1,1,1403,0
1485,802505,6,1,1,1453,0
1486,802602,6,1,1,1201,0
1487,802603,7,1,1,1395,0
1488,802604,6,1,1,1395,0
1489,802605,6,1,1,1396,0
1490,802704,6,1,9,1456,0
1491,802705,6,1,1,1454,0
1492,802706,7,1,1,1455,0
1493,802709,6,1,1,1458,0
1494,802710,6,1,1,576,0
1495,802802,6,1,1,3177,0
1496,802803,6,1,1,3176,0
1497,802804,18,2,1250,0,0
1498,802902,7,1,1,3161,0
1499,802903,6,1,1,3163,0
1500,802904,6,2,1,3160,0
1501,802905,6,1,1,3162,0
1502,802906,7,1,1,3163,0
1503,803005,6,1,1,3166,0
1504,803006,7,1,1,3168,0
1505,803007,6,1,1,3168,0
1506,803009,6,1,1,3170,0
1507,803103,6,1,1,4064,0
1508,803104,6,1,1,4065,0
1509,803105,7,1,1,4066,0
1510,803107,6,1,7,3400,0
1511,803202,6,1,1,4022,0
1512,803205,7,1,1,4127,0
1513,803206,6,1,1,4128,0
1514,803302,6,1,1,1223,0
1515,803310,6,1,1,4139,0
1516,803311,7,1,1,4139,0
1517,803403,6,1,1,4129,0
1518,803405,6,1,1,4141,0
1519,803406,6,1,1,4136,0
1520,803407,6,1,1,4133,0
1521,803408,6,1,1,4135,0
1522,803411,6,1,1,4142,0
1523,803413,7,1,1,4141,0
1524,803414,18,1,1505,0,0
1525,803502,6,1,1,4249,0
1526,803503,7,1,1,4250,0
1527,803504,7,1,1,4258,0
1528,803505,6,1,1,4258,0
1529,803601,6,1,1,4344,0
1530,803602,6,1,1,4305,0
1531,803603,6,1,1,4306,0
1532,803604,6,1,1,4332,0
1533,803605,6,1,1,4333,0
1534,803702,6,1,1,500005,0
1535,803703,6,1,1,500006,0
1536,803802,6,1,1,4336,0
1537,803803,7,1,1,4310,0
1538,803804,6,1,1,4339,0
1539,803805,6,1,1,4310,0
1540,803806,6,1,1,4338,0
1541,803902,6,1,1,1223,0
1542,803903,7,1,1,1223,0
1543,803904,7,1,1,4330,0
1544,803907,18,1,1698,0,0
1545,803909,18,1,1699,0,0
1546,803911,18,1,1700,0,0
1547,803912,18,1,1701,0,0
1548,803913,18,1,1702,0,0
1549,803924,6,1,1,4357,0
1550,803925,7,1,1,4357,0
1551,804002,6,1,1,4642,0
1552,804003,18,1,1964,0,0
1553,804102,7,1,1,4769,0
1554,804103,6,1,1,4773,0
1555,804104,21,1,1,0,0
1556,804113,6,1,3,4810,0
1557,804114,6,1,6,4810,0
1558,804115,6,1,9,4810,0
1559,804116,6,1,15,4810,0
1560,804202,6,1,1,4784,0
1561,804203,18,1,2099,0,0
1562,804204,6,1,1,4808,0
1563,804205,18,1,2098,0,0
1564,804207,7,1,1,4784,0
1565,804208,6,1,1,4793,0
1566,804218,6,1,1,4809,0
1567,900002,14,1,61,0,0
1568,900003,14,1,31,0,0
1569,900156,6,1,1,575,0
1570,900428,7,1,1,7723,0
1571,901411,8,1,901411,0,0
1572,901412,8,1,901412,0,0
1573,901421,8,1,901421,0,0
1574,901422,8,1,901422,0,0
1575,901431,8,1,901431,0,0
1576,901432,8,1,901432,0,0
1577,901433,8,1,901433,0,0
1578,901441,8,1,901441,0,0
1579,901442,8,1,901442,0,0
1580,901443,8,1,901443,0,0
1581,919995,6,1,1,10000,0
1582,919997,21,1,4,0,0
1583,990007,0,0,0,0,0
1584,990008,13,1,30,0,0
1585,999001,6,1,1,990005,0
1586,999002,6,1,1,990006,0
1587,999003,13,1,30,0,0
1588,999004,7,1,2,990008,0
1589,999005,3,1,50,0,0
1590,999999,21,1,2,0,0
1591,8110401,18,1,1426,0,0
1592,10050601,6,1,1,4387,0
1593,10080601,7,1,1,4446,0
1594,10650101,7,1,1,330,0
1595,10650102,7,1,1,331,0
1596,10650103,7,1,1,332,0
1597,10650104,7,1,1,333,0
1598,10650105,7,1,1,334,0
1599,10650106,7,1,1,335,0
1600,10650107,7,1,1,336,0
1601,10650108,7,1,1,337,0
1602,10650109,7,1,1,338,0
1603,10650110,7,1,1,339,0
1604,10750201,6,1,1,351,0
1605,10750202,6,2,1,352,0
1606,10750301,6,1,1,351,0
1607,10750302,6,2,1,441,0
1608,10750401,6,1,1,442,0
1609,10750402,6,2,1,136,0
1610,10750501,6,1,1,440,0
1611,10750502,6,2,1,352,0
1612,10760201,6,1,1,354,0
1613,10760202,6,2,1,226,0
1614,10770301,6,1,1,355,0
1615,10770302,7,2,1,364,0
1616,10790601,6,1,1,250,0
1617,10790602,6,2,1,459,0
1618,10860201,7,1,1,152,0
1619,10860202,7,2,1,153,0
1620,10910201,6,1,1,193,0
1621,10910202,6,2,1,194,0
1622,10940201,6,1,1,447,0
1623,10960201,6,1,1,906,0
1624,11000701,7,2,1,907,0
1625,11002401,6,1,1,927,0
1626,11003001,7,1,1,934,0
1627,11003002,7,1,1,935,0
1628,11003003,6,1,1,936,0
1629,11003101,7,1,1,936,0
1630,11005701,6,1,1,579,0
1631,11005801,7,1,5,579,0
1632,11006301,7,2,1,584,0
1633,11007001,7,2,2,593,0
1634,11007701,7,1,1,581,0
1635,11010301,7,2,1,866,0
1636,11050401,7,1,1,885,0
1637,11070201,6,2,1,109,1
1638,11120201,18,1,1049,0,0
1639,11140201,7,1,1,1362,0
1640,11140202,6,1,1,1365,0
1641,11150801,7,1,1,1379,0
1642,11170901,18,1,1062,0,0
1643,11170902,18,1,1072,0,0
1644,11170903,18,1,1073,0,0
1645,11170904,18,1,1074,0,0
1646,11170905,18,1,1075,0,0
1647,11170906,18,1,1076,0,0
1648,11170907,18,1,1077,0,0
1649,11170908,18,1,1078,0,0
1650,11170909,18,1,1079,0,0
1651,11170910,18,1,1080,0,0
1652,11200301,6,1,2,1423,0
1653,11220201,7,2,1,1450,0
1654,11220601,7,1,1,1459,0
1655,11220701,7,1,1,1460,0
1656,11220801,7,1,1,1462,0
1657,11240601,6,2,1,3128,0
1658,11260201,11,1,20,0,0
1659,11260202,11,1,22,0,0
1660,11260203,11,1,24,0,0
1661,11260204,11,1,26,0,0
1662,11260205,11,1,30,0,0
1663,11260206,11,1,32,0,0
1664,11260207,11,1,34,0,0
1665,11260208,11,1,36,0,0
1666,11260209,11,1,38,0,0
1667,11260210,11,1,40,0,0
1668,11260301,6,2,5,3125,0
1669,11290501,6,1,1,3133,0
1670,11300201,18,2,1241,0,0
1671,11340401,6,1,1,4069,0
1672,11340501,7,1,5,4069,0
1673,11350501,6,1,12,4071,0
1674,11350502,6,1,12,4071,0
1675,11350503,6,1,12,4071,0
1676,11350504,6,1,12,4071,0
1677,11350505,6,1,12,4071,0
1678,11350506,6,1,12,4071,0
1679,11350507,6,1,12,4071,0
1680,11350508,6,1,12,4071,0
1681,11350509,6,1,12,4071,0
1682,11350510,6,1,12,4071,0
1683,11380201,6,1,1,4077,0
1684,11380401,6,2,1,4075,0
1685,11610201,7,1,1,4236,0
1686,11610202,6,1,1,4236,0
1687,11610203,7,1,2,4239,0
1688,11610301,7,1,1,4233,0
1689,11610302,6,1,1,4233,0
1690,11610303,7,1,4,4239,0
1691,11611001,7,1,1,4255,0
1692,11611101,7,1,1,4256,0
1693,11670201,6,1,1,4411,0
1694,11670701,7,1,1,4437,0
1695,11670801,7,1,1,4438,0
1696,11670901,7,1,1,4439,0
1697,11671001,7,1,1,4440,0
1698,11680501,7,1,1,4429,0
1699,11743501,7,1,1,4504,0
1700,11750101,7,1,1,4501,0
1701,11760301,7,1,1,4559,0
1702,11760801,7,1,1,4591,0
1703,11760901,7,1,1,4590,0
1704,11761101,7,1,1,4597,0
1705,11761801,6,1,1,4607,0
1706,11770201,6,1,1,4532,0
1707,11770301,6,1,3,4532,0
1708,11770401,6,1,5,4532,0
1709,11772401,6,1,1,4538,0
1710,11773801,7,1,1,4582,0
1711,11790101,18,2,1946,0,0
1712,11800401,7,1,4,4619,0
1713,11800701,7,2,1,4157,0
1714,11801201,6,1,1,4628,0
1715,11810801,6,1,1,4652,0
1716,11814701,6,2,1,4710,0
1717,11814702,7,2,1,4712,0
1718,11815901,7,1,1,4714,0
1719,11816001,6,1,1,4714,0
1720,11920201,7,1,1,4739,0
1721,11920301,7,1,1,4757,0
1722,11920302,7,1,1,4758,0
1723,11920501,7,1,1,4757,0
1724,11930301,7,1,1,4755,0
1725,11930302,7,1,1,4756,0
1726,30010701,7,1,1,306,0
1727,30010702,7,1,1,3050,0
1728,30010703,7,1,1,4049,0
1729,30010704,7,1,1,3446,0
1730,31030201,7,1,1,540,0
1731,31030202,7,1,1,371601,0
1732,40330301,2,1,50,0,0
1733,40340301,7,1,1,1323,0
1734,40402301,7,2,1,531,0
1735,40402302,7,1,1,535,0
1736,40411301,7,2,1,538,0
1737,40420301,7,1,1,559,0
1738,40420701,6,1,1,542,0
1739,40421401,7,2,1,538,0
1740,40421701,7,2,1,539,0
1741,40430101,3,1,51,0,0
1742,40430201,3,1,27,0,0
1743,40430401,2,1,30,0,0
1744,40431701,7,1,1,572,0
1745,40470801,7,1,1,3276,0
1746,40481701,7,1,1,3237,0
1747,40481702,7,1,1,3238,0
1748,40481703,7,1,1,3239,0
1749,40481704,7,1,1,3240,0
1750,40481705,7,1,1,3241,0
1751,40481706,7,1,1,3242,0
1752,40481707,7,1,1,3243,0
1753,40481708,7,1,1,3244,0
1754,40481709,7,1,1,3245,0
1755,40481710,7,1,1,3246,0
1756,40481711,7,1,1,3247,0
1757,40484901,7,1,1,537,0
1758,40490101,18,1,1296,0,0
1759,40490102,18,1,1298,0,0
1760,40490103,6,1,1,3262,0
1761,40490104,6,1,1,3263,0
1762,40490105,6,1,1,3264,0
1763,40490106,6,1,1,3265,0
1764,40490107,6,1,1,3266,0
1765,40490108,6,1,1,3267,0
1766,40540101,7,1,1,3297,0
1767,40540102,7,1,1,4002,0
1768,40600501,7,1,2,1333,0
1769,40600601,7,1,2,1332,0
1770,40620501,2,1,75,0,0
1771,40620601,2,1,50,0,0
1772,40630501,6,1,1,4105,0
1773,40680201,7,1,1,4187,0
1774,40690201,6,1,12,4272,0
1775,40690202,7,1,12,4272,0
1776,40690301,6,1,1,4273,0
1777,40690302,6,1,1,386001,0
1778,40690501,7,1,1,4272,0
1779,40730401,6,1,1,4670,0
1780,40730601,6,1,1,4674,0
1781,41100501,7,1,1,4242,0
1782,50000101,7,2,1,954,0
1783,50000301,7,2,1,943,0
1784,50000601,7,2,1,958,0
1785,50000901,7,2,1,964,0
1786,50001201,7,2,1,964,0
1787,50101101,7,1,1,5032,0
1788,50101701,6,1,1,5019,0
1789,50103001,7,1,1,3301,0
1790,50103003,7,1,1,3308,0
1791,50103101,6,1,1,895,0
1792,50103203,7,1,1,3443,0
1793,50103204,6,1,1,3443,0
1794,50103206,6,1,1,3444,0
1795,50103207,18,1,3246,0,0
1796,50103208,6,1,1,3446,0
1797,50103209,18,1,3242,0,0
1798,50103210,18,1,3243,0,0
1799,50103211,18,1,3244,0,0
1800,50103212,18,1,3245,0,0
1801,50103213,7,1,1,3446,0
1802,50103214,7,1,1,3445,0
1803,50103215,6,1,1,3453,0
1804,50103216,6,1,1,3454,0
1805,50103217,6,1,1,3456,0
1806,50103218,7,1,1,3457,0
1807,50103219,6,1,1,3457,0
1808,50103223,7,1,1,3473,0
1809,50103224,6,1,1,3465,0
1810,50103225,7,1,1,3469,0
1811,50103226,7,1,1,3463,0
1812,50103227,6,1,1,3472,0
1813,50103228,18,1,3256,0,0
1814,50103229,18,1,3257,0,0
1815,50103230,18,1,3258,0,0
1816,50103231,18,1,3259,0,0
1817,50103232,6,1,1,3473,0
1818,50103233,6,1,1,590,0
1819,50103234,6,1,1,3476,0
1820,50103235,7,1,1,3476,0
1821,50103236,6,1,18,3475,0
1822,50103237,6,1,1,3478,0
1823,50103238,7,1,1,3475,0
1824,50103239,6,1,1,3485,0
1825,50103240,7,1,1,978,0
1826,50103241,6,1,1,3463,0
1827,50103242,6,1,1,3524,0
1828,50103243,6,1,1,3525,0
1829,50103244,7,1,1,3525,0
1830,50103245,6,1,1,3527,0
1831,50103246,18,1,3283,0,0
1832,50103247,6,1,1,3531,0
1833,50103248,7,1,1,3531,0
1834,50103249,6,2,1,3532,0
1835,50103250,7,2,1,3532,0
1836,50103251,7,1,1,3533,0
1837,50103252,7,1,1,3534,0
1838,50103253,6,2,1,3533,0
1839,50103254,6,1,18,3539,0
1840,50103255,6,1,18,3539,0
1841,50103256,6,1,18,3539,0
1842,50103257,6,1,20,3539,0
1843,50103258,6,1,20,3539,0
1844,50103259,6,1,20,3539,0
1845,50103260,6,1,22,3539,0
1846,50103261,6,1,22,3539,0
1847,50103262,6,1,22,3539,0
1848,50103263,6,1,24,3539,0
1849,50103264,6,1,1,3543,0
1850,50103265,7,1,1,3543,0
1851,50103266,18,1,3286,0,0
1852,50103267,7,1,1,3544,0
1853,50103268,7,1,1,3545,0
1854,50103269,2,1,99,0,0
1855,50103270,2,1,95,0,0
1856,50103271,2,1,30,0,0
1857,50103272,7,1,1,3549,0
1858,50103273,18,2,3290,0,0
1859,50103274,18,2,3291,0,0
1860,50103275,18,2,3292,0,0
1861,50103276,18,2,3293,0,0
1862,50103277,18,2,3294,0,0
1863,50103278,18,2,3295,0,0
1864,50103279,6,1,1,3550,0
1865,50103280,6,1,1,3551,0
1866,50103281,6,1,1,3552,0
1867,50103282,6,1,1,3553,0
1868,50103283,6,1,1,3554,0
1869,50103284,6,1,1,3555,0
1870,50103285,2,1,80,0,0
1871,50103286,2,1,50,0,0
1872,50103287,2,1,1,0,0
1873,50103288,2,1,20,0,0
1874,50103289,2,1,50,0,0
1875,50103290,6,1,1,3556,0
1876,50103291,7,1,1,3557,0
1877,50103292,7,2,1,163,0
1878,50103293,6,1,3,3559,0
1879,50103294,7,1,3,3559,0
1880,50103295,6,1,1,3560,0
1881,50103296,7,1,1,3560,0
1882,50103297,7,1,1,3563,0
1883,50103298,6,1,1,3603,0
1884,50103299,20,1,1,0,0
1885,50103300,20,1,2,0,0
1886,50103301,7,1,1,3605,0
1887,50103302,6,1,1,3605,0
1888,50103303,6,1,4,3610,0
1889,50103304,6,1,2,3610,0
1890,50103305,6,1,5,3610,0
1891,50103306,7,1,4,3610,0
1892,50104001,7,1,1,3415,0
1893,50104002,7,1,1,3416,0
1894,50104003,6,1,1,3423,0
1895,50109201,6,1,1,1313,0
1896,50110601,7,1,1,1325,0
1897,50110801,6,1,1,1319,0
1898,50110802,6,1,1,1320,0
1899,50110803,6,1,1,1318,0
1900,50110804,7,1,1,1326,0
1901,50111801,7,1,1,1328,0
1902,50113234,6,1,1,3576,0
1903,50113235,7,1,1,3576,0
1904,50113236,6,1,18,3575,0
1905,50113237,6,1,1,3578,0
1906,50113238,7,1,1,3575,0
1907,50113239,7,1,1,3612,0
1908,50113240,6,1,1,3618,0
1909,50113241,7,1,1,3621,0
1910,50113242,6,1,1,3621,0
1911,50113243,7,1,1,3624,0
1912,50113244,7,1,1,3625,0
1913,50113245,7,1,1,3626,0
1914,50113246,6,1,1,3626,0
1915,50113247,6,2,1,221,0
1916,50113248,7,2,1,221,0
1917,50113249,2,1,75,0,0
1918,50113250,2,1,50,0,0
1919,50113251,2,1,25,0,0
1920,50113252,6,1,1,3631,0
1921,50113253,7,1,1,3631,0
1922,50113254,6,1,1,3630,0
1923,50113255,18,1,3345,0,0
1924,50113256,18,1,3346,0,0
1925,50113257,6,1,1,3716,0
1926,50113258,7,1,1,3716,0
1927,50113259,7,1,1,3717,0
1928,50113260,7,1,1,371601,0
1929,50113261,7,1,1,371602,0
1930,50113262,7,1,1,371603,0
1931,50113263,7,1,1,371604,0
1932,50113264,7,1,1,371605,0
1933,50113265,6,1,1,371606,0
1934,50113266,7,1,1,371606,0
1935,50113267,18,1,3352,0,0
1936,50113268,7,1,1,370001,0
1937,50113269,6,1,1,360702,0
1938,50113270,7,1,1,360702,0
1939,50113271,7,1,1,362201,0
1940,50113272,7,1,1,362301,0
1941,50113273,7,1,1,372101,0
1942,50113274,7,1,1,372201,0
1943,50113275,6,1,1,3724,0
1944,50113276,7,1,1,3724,0
1945,50113277,6,1,1,3725,0
1946,50113278,7,1,1,3725,0
1947,50113279,7,1,1,3726,0
1948,50113280,6,1,1,3726,0
1949,50113281,6,1,1,3727,0
1950,50113282,7,1,1,3727,0
1951,50113283,6,1,1,372501,0
1952,50113284,7,1,1,3731,0
1953,50113285,6,1,1,362102,0
1954,50113286,7,1,1,362102,0
1955,50113287,7,1,1,3733,0
1956,50113288,18,1,3391,0,0
1957,50113289,18,1,3445,0,0
1958,50113290,18,1,3446,0,0
1959,50113291,18,1,3447,0,0
1960,50113292,18,1,3448,0,0
1961,50113293,18,1,3449,0,0
1962,50113294,18,1,3450,0,0
1963,50113295,7,1,1,3755,0
1964,50113296,6,1,10,3758,0
1965,50113297,6,1,6,3758,0
1966,50113298,6,1,9,3758,0
1967,50113299,6,1,8,3758,0
1968,50113300,6,1,7,3758,0
1969,50113301,6,1,6,3758,0
1970,50113302,6,1,1,3756,0
1971,50113303,6,2,1,3766,0
1972,50113304,6,1,1,3771,0
1973,50113305,7,1,2,377501,0
1974,50113306,7,1,2,377502,0
1975,50113307,6,1,1,3779,0
1976,50113308,6,1,2,377501,0
1977,50113309,6,1,2,377502,0
1978,50113310,6,1,3,3780,0
1979,50113311,6,1,1,3783,0
1980,50113312,18,1,3530,0,0
1981,50113313,18,1,3531,0,0
1982,50113314,18,1,3532,0,0
1983,50113315,18,1,3533,0,0
1984,50113316,6,1,1,3785,0
1985,50113317,7,1,1,3785,0
1986,50113318,6,1,1,3786,0
1987,50113319,7,1,1,3786,0
1988,50113320,6,1,1,3790,0
1989,50113321,7,1,1,3790,0
1990,50113322,7,1,1,3794,0
1991,50113323,6,1,1,379501,0
1992,50113324,6,1,1,3800,0
1993,50113325,7,1,1,3800,0
1994,50113326,6,1,1,3801,0
1995,50113327,7,1,1,3801,0
1996,50113328,6,1,1,3802,0
1997,50113329,7,1,1,3802,0
1998,50113330,7,1,1,3805,0
1999,50113331,6,1,1,3807,0
2000,50113332,7,1,1,3808,0
2001,50113333,6,1,2,3797,0
2002,50113334,7,1,5,379701,0
2003,50113335,6,1,1,3798,0
2004,50113336,6,1,1,377602,0
2005,50113337,6,1,1,377702,0
2006,50113338,6,1,1,377901,0
2007,50113339,18,1,3548,0,0
2008,50113340,7,1,1,3790,0
2009,50113341,18,1,355001,0,0
2010,50113342,18,1,355002,0,0
2011,50113343,18,1,355003,0,0
2012,50113344,18,1,355004,0,0
2013,50113345,18,1,355005,0,0
2014,50113346,18,1,355006,0,0
2015,50113347,18,1,355007,0,0
2016,50113348,18,1,355008,0,0
2017,50113349,18,1,355009,0,0
2018,50113350,18,1,355010,0,0
2019,50113351,18,1,355011,0,0
2020,50113352,18,1,355012,0,0
2021,50113353,7,1,1,377605,0
2022,50113354,18,1,355013,0,0
2023,50113355,18,1,355014,0,0
2024,50113356,7,1,1,377705,0
2025,50113357,6,1,1,3811,0
2026,50113358,6,1,1,381101,0
2027,50113359,6,1,1,3813,0
2028,50113360,7,1,1,3813,0
2029,50113361,6,1,1,3816,0
2030,50113362,7,1,1,3817,0
2031,50113363,7,1,1,382201,0
2032,50113364,7,1,1,3820,0
2033,50113365,6,1,1,3822,0
2034,50113366,7,1,6,3821,0
2035,50113367,6,1,6,3821,0
2036,50113368,7,1,1,3822,0
2037,50113369,6,1,1,381601,0
2038,50113370,7,1,1,381601,0
2039,50113372,6,1,1,382501,0
2040,50113373,7,1,1,382502,0
2041,50113374,13,1,20,0,0
2042,50113375,6,1,1,383601,0
2043,50113379,6,1,1,382503,0
2044,50113380,6,1,1,3841,0
2045,50113381,18,1,356701,0,0
2046,50113384,6,1,4,3403,0
2047,50113385,7,1,1,3845,0
2048,50113386,7,1,10,3846,0
2049,50113387,6,1,1,3848,0
2050,50113388,6,1,1,384801,0
2051,50113389,6,1,1,384802,0
2052,50113390,7,1,1,3851,0
2053,50113391,6,1,1,3852,0
2054,50113392,6,1,1,3853,0
2055,50113393,7,1,1,385401,0
2056,50113394,18,1,3575,0,0
2057,50113395,18,1,3576,0,0
2058,50113396,6,1,1,3860,0
2059,50113397,6,1,1,3861,0
2060,50113398,6,1,1,3862,0
2061,50113399,6,1,1,3863,0
2062,50113400,18,1,3579,0,0
2063,50113401,6,1,1,3864,0
2064,50113402,7,1,1,3864,0
2065,50113403,6,1,1,386401,0
2066,50113404,7,1,1,386401,0
2067,50113405,18,1,3615,0,0
2068,50113406,7,1,1,3867,0
2069,50113407,6,1,1,386602,0
2070,50113408,7,1,3,3854,0
2071,50113409,6,1,3,3854,0
2072,50113410,6,1,1,3874,0
2073,50113411,7,1,1,3876,0
2074,50113412,6,1,1,3875,0
2075,50113413,7,1,1,3877,0
2076,50113414,7,1,1,83,0
2077,50113415,7,1,1,3874,0
2078,50113416,6,1,5,3300,0
2079,50113417,6,1,5,3401,0
2080,50113418,7,1,1,3886,0
2081,50113419,6,1,1,3886,0
2082,50113420,7,1,1,3884,0
2083,50113421,6,1,1,3884,0
2084,50113423,7,1,1,3896,0
2085,50113424,6,1,1,3897,0
2086,50113425,6,1,1,3898,0
2087,50113426,7,1,1,3901,0
2088,50113427,6,1,2,390101,0
2089,50113428,6,1,1,390101,0
2090,50113429,18,1,3682,0,0
2091,50113430,6,1,1,389301,0
2092,50113431,7,1,1,389301,0
2093,50113432,7,1,1,389302,0
2094,50113433,7,1,1,389303,0
2095,50113434,7,1,1,3899,0
2096,50113440,6,1,1,3910,0
2097,50113441,6,1,1,3912,0
2098,50113442,6,1,1,3911,0
2099,50113443,7,1,1,3911,0
2100,50113444,6,1,1,3915,0
2101,50113445,7,1,1,3916,0
2102,50113446,6,1,1,3921,0
2103,50113447,7,1,1,3925,0
2104,50113448,7,1,1,3926,0
2105,50113449,7,1,1,3927,0
2106,50113450,7,1,1,392801,0
2107,50113451,7,1,1,392803,0
2108,50113452,6,1,1,3933,0
2109,50113453,7,1,1,3933,0
2110,50113454,6,1,1,3934,0
2111,50113455,7,1,1,3934,0
2112,50113456,7,1,1,3939,0
2113,50113457,18,1,3710,0,0
2114,50113458,7,1,1,3938,0
2115,50113459,6,1,1,3940,0
2116,50113460,6,1,1,3941,0
2117,50113465,6,1,1,3943,0
2118,50113466,6,1,3,3944,0
2119,50113467,6,1,2,3944,0
2120,50113468,7,1,3,3944,0
2121,50113469,6,1,1,3944,0
2122,50113470,7,1,2,3944,0
2123,50113471,7,1,1,3944,0
2124,50113472,7,1,1,3945,0
2125,50113473,6,1,1,3952,0
2126,50113474,6,1,1,3955,0
2127,50113475,6,1,1,3972,0
2128,50113476,7,1,1,3972,0
2129,50113477,6,1,1,3971,0
2130,50113478,7,1,1,3971,0
2131,50113479,6,1,1,3984,0
2132,50113480,7,1,1,3984,0
2133,50113481,7,1,1,3985,0
2134,50113482,18,1,3719,0,0
2135,50113483,18,1,3723,0,0
2136,50113484,6,1,1,3976,0
2137,50113485,7,1,1,3976,0
2138,50113486,6,1,1,3977,0
2139,50113487,7,1,1,3978,0
2140,50113488,6,1,1,397701,0
2141,50113489,7,1,1,3979,0
2142,50113490,18,1,3745,0,0
2143,50113491,6,1,1,3979,0
2144,50113492,18,1,3746,0,0
2145,50113493,6,1,1,3988,0
2146,50113494,7,1,1,3988,0
2147,50113495,6,1,1,3986,0
2148,50113496,7,1,1,3986,0
2149,50113497,6,1,1,3989,0
2150,50113498,7,1,1,3989,0
2151,50113499,6,1,1,3993,0
2152,50113500,6,1,1,3951,0
2153,50113501,6,1,1,395101,0
2154,50113502,6,1,1,395102,0
2155,50113503,7,1,1,3994,0
2156,50113504,6,1,1,3997,0
2157,50113505,7,1,1,3997,0
2158,50113506,7,1,1,399501,0
2159,50113507,6,1,1,399502,0
2160,50113508,7,1,1,399502,0
2161,50113509,7,1,1,399503,0
2162,50113510,6,1,1,710201,0
2163,50113511,6,1,1,710302,0
2164,50113512,7,1,1,710302,0
2165,50113513,6,1,2,710303,0
2166,50113514,7,1,2,710303,0
2167,50113515,7,1,1,7106,0
2168,50113516,6,1,1,710804,0
2169,50113517,7,1,1,7108,0
2170,50113518,6,1,1,7110,0
2171,50113519,7,1,1,7110,0
2172,50113520,6,1,1,7107,0
2173,50113521,7,1,1,7107,0
2174,50113522,7,1,1,710804,0
2175,50113523,6,1,1,7106,0
2176,50113524,7,1,1,7112,0
2177,50113525,6,1,1,7114,0
2178,50113526,7,1,1,711002,0
2179,50113527,7,1,1,711003,0
2180,50113536,7,1,1,7125,0
2181,50113537,6,1,1,712501,0
2182,50113538,6,1,1,712502,0
2183,50113539,6,1,1,712503,0
2184,50113540,7,1,1,712504,0
2185,50113541,7,1,2,712504,0
2186,50113542,6,1,1,712504,0
2187,50113543,6,1,2,712504,0
2188,50113544,7,1,1,712505,0
2189,50113545,7,1,1,7123,0
2190,50113546,6,1,1,712506,0
2191,50113547,7,1,1,712507,0
2192,50113600,7,1,1,7137,0
2193,50113601,7,1,1,7138,0
2194,50113602,7,1,1,713901,0
2195,50113603,6,1,8,7143,0
2196,50113604,7,1,8,7143,0
2197,50113605,6,1,1,7139,0
2198,50113606,7,1,1,7142,0
2199,50113607,6,1,1,7140,0
2200,50113608,7,1,1,714201,0
2201,50113609,6,1,1,7141,0
2202,50113610,7,1,1,714202,0
2203,50113611,7,1,1,7146,0
2204,50113612,6,1,4,7147,0
2205,50113613,7,1,4,7147,0
2206,50113614,6,1,1,712508,0
2207,50113615,7,1,1,712506,0
2208,50113616,6,1,2,712509,0
2209,50113617,7,1,2,712509,0
2210,50113618,18,1,3805,0,0
2211,50113619,6,1,1,712510,0
2212,50113620,6,1,1,712511,0
2213,50113621,6,1,1,712512,0
2214,50113622,6,1,1,712513,0
2215,50113623,6,1,1,712514,0
2216,50113624,6,1,2,3951,0
2217,50113625,6,1,3,3951,0
2218,50113626,6,1,2,395101,0
2219,50113627,6,1,3,395101,0
2220,50113628,7,1,1,395103,0
2221,50113629,7,1,1,395104,0
2222,50113630,7,1,1,7150,0
2223,50113631,6,1,1,715301,0
2224,50113632,6,1,1,715302,0
2225,50113633,7,1,1,7152,0
2226,50113634,6,1,1,7153,0
2227,50113635,7,1,1,7153,0
2228,50113636,7,1,1,7156,0
2229,50113637,6,1,1,7156,0
2230,50113638,6,1,1,715601,0
2231,50113639,7,1,1,715601,0
2232,50113640,6,1,1,7155,0
2233,50113641,7,1,1,714301,0
2234,50113642,6,1,1,500005,0
2235,50113643,6,1,1,500006,0
2236,50113644,6,1,1,7158,0
2237,50113645,6,1,1,715801,0
2238,50113646,6,1,1,715901,0
2239,50113647,7,1,1,715902,0
2240,50113648,7,1,1,7158,0
2241,50113649,6,1,1,3958,0
2242,50113650,6,1,1,395801,0
2243,50113651,6,1,1,1201,0
2244,50113652,6,1,1,7161,0
2245,50113653,7,1,1,7161,0
2246,50113654,6,1,1,7162,0
2247,50113655,6,1,4,712,0
2248,50113656,7,1,4,712,0
2249,50113657,7,1,1,7167,0
2250,50113658,6,1,1,7168,0
2251,50113659,6,1,1,7171,0
2252,50113660,7,1,1,7176,0
2253,50113661,6,1,1,717603,0
2254,50113662,6,1,1,717605,0
2255,50113663,6,1,1,7176,0
2256,50113664,6,1,1,716301,0
2257,50113665,6,1,1,716302,0
2258,50113666,18,1,383601,0,0
2259,50113667,7,1,1,3994,0
2260,50113668,7,1,1,7179,0
2261,50113669,6,1,1,718301,0
2262,50113670,18,1,3855,0,0
2263,50113671,7,1,1,718503,0
2264,50113672,6,1,1,718601,0
2265,50113673,7,1,1,7187,0
2266,50113674,6,1,1,7187,0
2267,50113675,18,1,3932,0,0
2268,50113676,18,1,393201,0,0
2269,50113677,6,1,1,718701,0
2270,50113678,7,1,1,7188,0
2271,50113679,6,1,1,7188,0
2272,50113680,7,1,1,719002,0
2273,50113681,7,1,1,719003,0
2274,50113682,6,1,1,719003,0
2275,50113683,6,1,9,7190,0
2276,50113684,6,1,8,7190,0
2277,50113685,6,1,7,7190,0
2278,50113686,6,1,6,7190,0
2279,50113687,6,1,5,7190,0
2280,50113688,6,1,4,7190,0
2281,50113689,6,1,3,7190,0
2282,50113690,6,1,2,7190,0
2283,50113691,6,1,1,7190,0
2284,50113692,7,1,1,7190,0
2285,50113693,7,1,1,719007,0
2286,50113694,6,1,1,7191,0
2287,50113695,7,1,1,7191,0
2288,50113696,6,1,1,719106,0
2289,50113697,6,1,1,719104,0
2290,50113698,7,1,1,719201,0
2291,50113699,6,1,1,719204,0
2292,50113700,7,1,1,719501,0
2293,50113701,6,1,1,7195,0
2294,50113702,6,1,1,7196,0
2295,50113703,6,1,1,7197,0
2296,50113704,6,1,1,719902,0
2297,50113705,6,1,1,7198,0
2298,50113706,7,1,1,7198,0
2299,50113707,6,1,1,7401,0
2300,50113708,6,1,1,740101,0
2301,50113709,6,1,1,7401,0
2302,50113710,6,1,3,7401,0
2303,50113711,6,1,5,7401,0
2304,50113712,7,1,7,7401,0
2305,50113713,7,1,6,7401,0
2306,50113714,7,1,1,7406,0
2307,50113715,6,1,1,740604,0
2308,50113716,6,1,1,7190,0
2309,50113717,6,1,1,740802,0
2310,50113718,6,1,1,740803,0
2311,50113719,7,1,1,740804,0
2312,50113720,7,1,1,740805,0
2313,50113721,6,1,1,740807,0
2314,50113722,7,1,1,740806,0
2315,50113723,6,1,1,740808,0
2316,50113724,6,1,1,740809,0
2317,50113725,6,1,1,740806,0
2318,50113726,7,1,1,740812,0
2319,50113727,7,1,1,740901,0
2320,50113728,7,1,1,740902,0
2321,50113729,7,1,1,740906,0
2322,50113730,7,1,1,740907,0
2323,50113731,6,1,1,740906,0
2324,50113732,6,1,1,740907,0
2325,50113733,6,1,1,719007,0
2326,50113734,6,1,1,719009,0
2327,50113735,6,1,1,7411,0
2328,50113736,6,1,1,741101,0
2329,50113737,7,1,1,741101,0
2330,50113738,6,1,1,741206,0
2331,50113739,6,1,1,741205,0
2332,50113740,6,1,1,741204,0
2333,50113741,6,1,1,741203,0
2334,50113742,6,1,1,741202,0
2335,50113743,6,1,1,741201,0
2336,50113744,7,1,7,740812,0
2337,50113745,7,1,6,740812,0
2338,50113746,7,1,5,740812,0
2339,50113747,7,1,4,740812,0
2340,50113748,7,1,3,740812,0
2341,50113749,7,1,2,740812,0
2342,50113750,6,1,1,7409,0
2343,50113751,6,1,1,7413,0
2344,50113752,6,1,1,7414,0
2345,50113753,18,1,3961,0,0
2346,50113754,6,1,1,740812,0
2347,50113755,6,1,1,740815,0
2348,50113756,7,1,1,740816,0
2349,50114001,7,1,1,1341,0
2350,50120001,6,1,1,72001,0
2351,50120002,7,1,1,72001,0
2352,50120003,6,1,1,72002,0
2353,50120004,7,1,1,72002,0
2354,50120005,6,1,1,72003,0
2355,50120006,7,1,1,72003,0
2356,50120007,6,1,1,7215,0
2357,50120008,13,1,10,0,0
2358,50120009,7,1,1,7209,0
2359,50120010,7,1,1,7210,0
2360,50120011,6,1,1,7217,0
2361,50120012,18,1,385301,0,0
2362,50120013,18,1,385302,0,0
2363,50120014,18,1,385303,0,0
2364,50120015,6,1,1,7218,0
2365,50120016,6,1,1,721401,0
2366,50120017,6,1,1,72004,0
2367,50120018,6,1,1,72007,0
2368,50120019,18,1,387201,0,0
2369,50120020,18,1,3859,0,0
2370,50120021,18,1,3875,0,0
2371,50120022,18,1,387501,0,0
2372,50120023,7,1,1,720031,0
2373,50120024,6,1,5,72008,0
2374,50120025,7,1,1,730004,0
2375,50120026,7,1,1,730003,0
2376,50120027,7,1,1,722325,0
2377,50120028,18,1,387901,0,0
2378,50120029,6,1,1,722411,0
2379,50120030,7,1,1,722417,0
2380,50120031,6,1,1,722423,0
2381,50120032,7,1,1,722426,0
2382,50120033,18,1,386101,0,0
2383,50120034,18,1,386102,0,0
2384,50120035,18,1,386103,0,0
2385,50120036,18,1,386104,0,0
2386,50120037,18,1,386105,0,0
2387,50120038,18,1,386106,0,0
2388,50120039,18,1,386107,0,0
2389,50120040,18,1,386108,0,0
2390,50120041,18,1,386109,0,0
2391,50120042,18,1,386110,0,0
2392,50120043,18,1,386111,0,0
2393,50120044,18,1,386112,0,0
2394,50120045,6,1,1,7216,0
2395,50120046,6,1,1,721605,0
2396,50120047,6,1,1,721606,0
2397,50120048,6,1,1,721607,0
2398,50120049,6,1,1,721401,0
2399,50120050,6,1,1,721501,0
2400,50120051,6,1,1,721502,0
2401,50120052,6,1,1,721503,0
2402,50120053,7,1,1,721614,0
2403,50120054,7,1,1,721615,0
2404,50120055,7,1,1,721616,0
2405,50120056,6,1,1,721504,0
2406,50120057,2,1,5,0,0
2407,50120058,6,1,1,721401,0
2408,50120059,6,1,1,721402,0
2409,50120060,6,1,1,721403,0
2410,50120061,6,1,1,721404,0
2411,50120062,6,1,1,721405,0
2412,50120063,6,1,1,721406,0
2413,50120064,6,1,1,721407,0
2414,50120065,6,1,1,721408,0
2415,50120066,6,1,1,720032,0
2416,50120067,6,1,1,721412,0
2417,50120068,6,1,1,721413,0
2418,50213666,6,1,1,717005,0
2419,50213667,6,1,1,3994,0
2420,50801401,6,1,1,3995,0
2421,50801403,6,1,1,3974,0
2422,50801404,7,1,1,3975,0
2423,50801406,6,1,1,3990,0
2424,50801408,6,1,1,3996,0
2425,51003270,6,1,1,370002,0
2426,51003271,6,1,1,370003,0
2427,51003272,7,1,1,370004,0
2428,51010601,7,2,1,1372,0
2429,51020101,6,1,1,1383,0
2430,51020102,18,2,1060,0,0
2431,51113487,7,1,1,397801,0
2432,51113528,6,1,1,711501,0
2433,51113529,7,1,1,711501,0
2434,51113530,7,1,1,710806,0
2435,51113531,18,1,377709,0,0
2436,51113532,6,1,1,7123,0
2437,51113533,18,1,3782,0,0
2438,51113534,18,1,3783,0,0
2439,51113535,18,1,3784,0,0
2440,51113754,6,1,1,740102,0
2441,51113757,7,1,1,740801,0
2442,51113758,7,1,1,742301,0
2443,51113759,7,1,1,742302,0
2444,51113800,6,1,1,221,0
2445,51113801,6,1,1,733,0
2446,51113802,6,1,1,742501,0
2447,51113803,6,1,1,7426,0
2448,51113804,7,1,5,7426,0
2449,51113805,6,1,1,742801,0
2450,51113806,7,1,1,742801,0
2451,51113807,6,1,1,7429,0
2452,51113808,6,1,1,7430,0
2453,51113809,7,1,3,743004,0
2454,51113810,6,1,3,743004,0
2455,51113811,7,1,1,7429,0
2456,51113812,7,1,1,7430,0
2457,51113813,6,1,1,743005,0
2458,51113814,6,1,1,743006,0
2459,51113815,7,1,1,743008,0
2460,51113816,6,1,1,743009,0
2461,51113817,18,1,397501,0,0
2462,51113818,6,1,1,742808,0
2463,51113819,7,1,1,743010,0
2464,51113820,6,1,1,7431,0
2465,51113821,6,1,1,7432,0
2466,51113822,7,1,1,7432,0
2467,51113823,6,1,1,743201,0
2468,51113824,6,1,1,743202,0
2469,51113825,6,1,1,743203,0
2470,51113826,7,1,1,743207,0
2471,60030701,6,1,3,60020,0
2472,60050101,7,1,1,60011,0
2473,60050201,7,1,1,60012,0
2474,60050202,18,1,1492,0,0
2475,70001001,6,1,1,605,0
2476,70020101,6,1,1,601,0
2477,70020501,6,2,1,610,0
2478,70021101,6,2,1,671,0
2479,70100701,7,1,1,1106,0
2480,70100801,7,1,1,1107,0
2481,71010501,6,1,2,3007,0
2482,71010603,6,1,3,3011,0
2483,71030301,7,1,1,3020,0
2484,71030401,7,1,1,3021,0
2485,71040901,7,2,1,3044,0
2486,71050401,6,1,20,3023,0
2487,71050402,6,1,20,3023,0
2488,71050403,6,1,20,3023,0
2489,71050404,6,1,20,3023,0
2490,71050405,6,1,18,3023,0
2491,71050406,6,1,18,3023,0
2492,71050407,6,1,18,3023,0
2493,71050408,6,1,16,3023,0
2494,71050409,6,1,16,3023,0
2495,71050410,6,1,16,3023,0
2496,71050501,6,1,14,3023,0
2497,71050502,6,1,14,3023,0
2498,71050503,6,1,14,3023,0
2499,71050504,6,1,14,3023,0
2500,71050505,6,1,12,3023,0
2501,71050506,6,1,12,3023,0
2502,71050507,6,1,12,3023,0
2503,71050508,6,1,10,3023,0
2504,71050509,6,1,10,3023,0
2505,71050510,6,1,10,3023,0
2506,71060201,7,1,1,3001,0
2507,75014401,7,1,1,7761,0
2508,75014402,7,1,1,7762,0
2509,75016801,6,1,1,7780,0
2510,75016802,7,1,1,7780,0
2511,75017701,6,1,3,7779,0
2512,75017702,7,1,3,7779,0
2513,75017703,6,1,1,7779,0
2514,75020401,7,1,1,7896,0
2515,75021401,7,2,1,7899,0
2516,75022401,6,1,1,7998,0
2517,75033101,7,1,1,8119,0
2518,75033102,6,1,2,8120,0
2519,75034901,6,1,1,8181,0
2520,75034902,6,1,1,8180,0
2521,75037901,7,1,1,8220,0
2522,75037902,6,1,1,8221,0
2523,75038401,6,1,1,8233,0
2524,75038801,18,1,4524,0,0
2525,75038901,18,1,4525,0,0
2526,75039001,18,1,4526,0,0
2527,75039101,18,1,4527,0,0
2528,75039201,18,1,4528,0,0
2529,75039301,18,1,4529,0,0
2530,75039401,18,1,4530,0,0
2531,75042701,7,1,1,8304,0
2532,75044401,6,1,4,8331,0
2533,75044402,6,1,4,8331,0
2534,75044403,6,1,3,8331,0
2535,75044404,6,1,3,8331,0
2536,75044405,6,1,2,8331,0
2537,75504501,6,1,1,8251,0
2538,75508301,7,1,2,4532,0
2539,75508401,7,1,3,4532,0
2540,75508501,7,1,4,4532,0
2541,75508601,7,1,5,4532,0
2542,75511601,6,1,1,7808,0
2543,75511602,7,1,1,7808,0
2544,75511701,6,1,1,7809,0
2545,75511702,7,1,1,7809,0
2546,75515701,6,1,1,7877,0
2547,75515702,7,1,1,7876,0
2548,75515801,6,1,1,7876,0
2549,75515802,7,1,1,7877,0
2550,75518101,7,2,1,8130,0
2551,75519201,11,1,30,0,0
2552,75519202,11,1,50,0,0
2553,75519203,11,1,70,0,0
2554,75519204,11,1,90,0,0
2555,75519205,11,1,100,0,0
2556,75519501,7,1,1,8145,0
2557,75612301,11,1,20,0,0
2558,75612302,11,1,40,0,0
2559,75612303,11,1,60,0,0
2560,75612304,11,1,80,0,0
2561,75612305,11,1,100,0,0
2562,80010402,6,2,1,713,0
2563,80030401,6,1,1,702,0
2564,80060201,6,1,1,717,0
2565,80060202,7,2,1,716,0
2566,80060401,6,1,1,744,0
2567,80060402,7,2,1,716,0
2568,80100401,6,1,1,172,0
2569,80130101,3,2,50,0,0
2570,80140401,7,1,1,973,0
2571,80140402,7,1,1,3973,0
2572,80140801,6,1,1,973,0
2573,80140802,6,1,1,3973,0
2574,80160301,7,2,1,713,0
2575,80160401,7,2,1,972,0
2576,80180201,6,2,1,988,0
2577,80220401,7,1,1,869,0
2578,80220402,6,1,1,1000,0
2579,80230201,7,1,1,977,0
2580,80270301,7,2,1,1401,0
2581,80270401,6,2,1,1401,0
2582,80300601,6,1,1,3167,0
2583,80300901,7,1,1,3170,0
2584,80310301,7,2,1,4063,0
2585,80331101,18,1,1502,0,0
2586,80340601,7,2,1,4132,0
2587,80341301,18,1,1504,0,0
2588,80360401,7,2,1,4331,0
2589,80380501,6,2,1,4337,0
2590,80390201,7,1,3,4329,0
2591,80420301,7,1,1,4790,0
2592,80420401,7,1,1,4789,0
2593,80420501,7,1,1,4788,0
2594,90000201,15,1,31,0,0
2595,90015601,6,1,1,576,0
2596,91010101,11,1,40,0,0
2597,91010102,11,1,60,0,0
2598,91010103,11,1,80,0,0
2599,91010104,11,1,90,0,0
2600,91010105,11,1,100,0,0
2601,91010201,11,1,20,0,0
2602,91010202,11,1,40,0,0
2603,91010203,11,1,60,0,0
2604,91010204,11,1,80,0,0
2605,91010205,11,1,100,0,0
2606,91010301,11,1,40,0,0
2607,91010302,11,1,60,0,0
2608,91010303,11,1,80,0,0
2609,91010304,11,1,90,0,0
2610,91010305,11,1,100,0,0
2611,91010401,11,1,20,0,0
2612,91010402,11,1,40,0,0
2613,91010403,11,1,60,0,0
2614,91010404,11,1,80,0,0
2615,91010405,11,1,100,0,0
2616,91010501,11,1,40,0,0
2617,91010502,11,1,60,0,0
2618,91010503,11,1,80,0,0
2619,91010504,11,1,90,0,0
2620,91010505,11,1,100,0,0
2621,91010601,11,1,20,0,0
2622,91010602,11,1,40,0,0
2623,91010603,11,1,60,0,0
2624,91010604,11,1,80,0,0
2625,91010605,11,1,100,0,0
2626,91010701,11,1,40,0,0
2627,91010702,11,1,60,0,0
2628,91010703,11,1,80,0,0
2629,91010704,11,1,90,0,0
2630,91010705,11,1,100,0,0
2631,91010801,11,1,20,0,0
2632,91010802,11,1,40,0,0
2633,91010803,11,1,60,0,0
2634,91010804,11,1,80,0,0
2635,91010805,11,1,100,0,0
2636,91010901,11,1,40,0,0
2637,91010902,11,1,60,0,0
2638,91010903,11,1,80,0,0
2639,91010904,11,1,90,0,0
2640,91010905,11,1,100,0,0
2641,91011001,11,1,20,0,0
2642,91011002,11,1,40,0,0
2643,91011003,11,1,60,0,0
2644,91011004,11,1,80,0,0
2645,91011005,11,1,100,0,0
2646,91011101,11,1,30,0,0
2647,91011102,11,1,50,0,0
2648,91011103,11,1,70,0,0
2649,91011104,11,1,90,0,0
2650,91011105,11,1,100,0,0
2651,91011201,11,1,30,0,0
2652,91011202,11,1,50,0,0
2653,91011203,11,1,70,0,0
2654,91011204,11,1,90,0,0
2655,91011205,11,1,100,0,0
2656,91011301,11,1,30,0,0
2657,91011302,11,1,50,0,0
2658,91011303,11,1,70,0,0
2659,91011304,11,1,90,0,0
2660,91011305,11,1,100,0,0
2661,91011401,11,1,30,0,0
2662,91011402,11,1,50,0,0
2663,91011403,11,1,70,0,0
2664,91011404,11,1,90,0,0
2665,91011405,11,1,100,0,0
2666,91011501,11,1,30,0,0
2667,91011502,11,1,50,0,0
2668,91011503,11,1,70,0,0
2669,91011504,11,1,90,0,0
2670,91011505,11,1,100,0,0
2671,91011601,11,1,30,0,0
2672,91011602,11,1,50,0,0
2673,91011603,11,1,70,0,0
2674,91011604,11,1,90,0,0
2675,91011605,11,1,100,0,0
2676,91011701,11,1,20,0,0
2677,91011702,11,1,40,0,0
2678,91011703,11,1,60,0,0
2679,91011704,11,1,80,0,0
2680,91011705,11,1,100,0,0
2681,91011801,11,1,40,0,0
2682,91011802,11,1,60,0,0
2683,91011803,11,1,80,0,0
2684,91011804,11,1,90,0,0
2685,91011805,11,1,100,0,0
2686,91011901,11,1,40,0,0
2687,91011902,11,1,60,0,0
2688,91011903,11,1,80,0,0
2689,91011904,11,1,90,0,0
2690,91011905,11,1,100,0,0
2691,91012001,11,1,40,0,0
2692,91012002,11,1,60,0,0
2693,91012003,11,1,80,0,0
2694,91012004,11,1,90,0,0
2695,91012005,11,1,100,0,0
2696,91012101,11,1,40,0,0
2697,91012102,11,1,60,0,0
2698,91012103,11,1,80,0,0
2699,91012104,11,1,90,0,0
2700,91012105,11,1,100,0,0
