,id,description,damage_ratio,extra_damage,buff_id,harm_delay,target_move,is_critical_hit,critical_hit_rate,float_wide,trigger_creation_id,trigger_creation_delay,is_form_hurt,is_miss,is_armor,beat_back_percent,buff_id_target,buff_id_self,hurt_buff_trigger_type,buff_rate,target_move_percent,target_skill,trigger_summoner,defbreak_rate,extra_defbreak,hit_type,is_ricochet,is_shield,fix_damage,ui_control
0,1,普通攻击,100,0,0,0,0,1,100,15,0,0,0,1,1,0,0,0,0,0,0,0,0,0,0,1,0,0,0,0
1,2,榴弹,*201,0,0,0,0,0,100,15,0,0,1,0,0,0,0,0,0,0,0,0,0,0,0,1,0,0,0,0
2,3,狙击,*201,0,0,0,0,0,100,15,0,0,0,0,0,0,0,0,0,0,0,0,0,0,0,1,0,0,0,0
3,4,燃烧初始伤害,*201,0,0,0,0,0,100,15,0,0,1,0,0,0,0,0,0,0,0,0,0,0,0,1,0,0,0,0
4,5,燃烧持续伤害,*202,0,0,0,0,0,100,15,0,0,1,0,0,0,0,0,0,0,0,0,0,0,0,1,0,0,0,0
5,6,突击者之眼,100,0,0,0,0,0,100,15,0,0,0,1,1,0,0,0,0,0,0,0,0,0,0,1,0,0,0,0
6,7,霰弹枪普通攻击,100,0,0,0,2,1,100,15,0,0,0,1,1,5,0,0,0,0,100,500101,0,0,0,1,0,0,0,0
7,8,连珠终结,*201,0,0,0,0,0,100,15,0,0,0,1,1,0,0,0,0,0,0,0,0,0,0,1,0,0,0,0
8,9,震荡打击,*201,0,0,0,*101,1,100,15,0,0,0,0,0,99,0,0,0,0,100,500104,0,0,0,1,0,0,0,0
9,10,终结打击,0,*102,0,0,*101,0,100,0,0,0,0,0,0,99,0,0,0,0,100,500104,0,0,0,1,0,0,0,0
10,11,独头弹攻击,300,0,0,0,2,1,100,15,0,0,0,1,1,5,1000003642:1,0,0,100,100,500101,0,0,0,1,0,0,0,0
11,12,巨羚号角1,*201,0,0,0,2,0,100,15,0,0,0,0,0,0,0,0,0,0,0,0,0,0,0,1,0,0,0,0
12,13,巨羚号角2,*202,0,0,0,2,0,100,15,0,0,0,0,0,0,0,0,0,0,0,0,0,0,0,1,0,0,0,0
13,14,巨羚号角3,*203,0,0,0,2,0,100,15,0,0,0,0,0,0,0,0,0,0,0,0,0,0,0,1,0,0,0,0
14,15,暴动宣告普攻,100,0,0,0,0,1,100,15,0,0,0,1,1,0,0,307:1,0,*201,0,0,0,0,0,1,0,0,0,0
15,16,暴动宣告,150,0,0,0,0,1,100,15,0,0,0,1,1,0,0,0,0,0,0,0,0,0,0,1,0,0,0,0
16,17,NER爆破,*201,0,0,0,1,1,100,15,0,0,1,0,0,0,224,0,0,100,0,0,0,0,0,1,0,0,0,0
17,18,NER扫射,*201,0,0,0,0,1,100,15,0,0,1,0,0,0,0,0,0,0,0,0,0,0,0,1,0,0,0,0
18,19,ELF准星,*201,0,0,0,0,1,100,15,0,0,1,0,0,0,0,0,0,0,0,0,0,0,0,1,0,0,0,0
19,20,ELF导弹途径,*202,0,0,0,0,1,100,15,0,0,1,0,0,0,0,0,0,0,0,0,0,0,0,1,0,0,0,0
20,21,ELF导弹爆炸,*202,0,0,0,0,1,100,15,0,0,1,0,0,0,0,0,0,0,0,0,0,0,0,1,0,0,0,0
21,22,爆破榴弹内圈,*201,0,0,0,0,0,100,15,0,0,1,0,0,0,0,0,0,0,0,0,0,0,0,1,0,0,0,0
22,23,爆破榴弹中圈,*202,0,0,0,0,0,100,15,0,0,1,0,0,0,0,0,0,0,0,0,0,0,0,1,0,0,0,0
23,24,爆破榴弹外圈,*203,0,0,0,0,0,100,15,0,0,1,0,0,0,0,0,0,0,0,0,0,0,0,1,0,0,0,0
24,25,贯通射击穿刺,*201,0,0,0,0,0,100,15,0,0,0,0,0,0,0,0,0,0,0,0,0,0,0,1,0,0,0,0
25,26,贯通射击追伤,*202,0,0,0,0,0,100,15,0,0,0,0,0,0,0,0,0,0,0,0,0,0,0,1,0,0,0,0
26,27,NER减速场,0,0,0,0,0,0,100,15,0,0,1,0,0,0,224:1,0,0,100,0,0,0,0,0,1,0,0,0,0
27,28,磁场牵引,0,0,0,0,0,0,100,15,0,0,0,0,0,100,0,0,0,0,100,500102,0,0,0,1,0,0,0,0
28,29,磁场伤害,*201,0,0,0,0,0,100,15,0,0,1,0,0,0,0,0,0,0,0,0,0,0,0,1,0,0,0,0
29,30,自毁,999999,999999,0,0,0,0,100,0,0,0,0,0,0,0,0,0,0,0,0,0,0,0,0,1,0,0,0,0
30,31,磁场排斥,0,0,0,0,0,0,100,15,0,0,0,0,0,100,0,0,0,0,100,500103,0,0,0,1,0,0,0,0
31,32,琪亚娜,150,0,0,0,0,0,100,15,0,0,1,0,0,0,0,0,0,0,0,0,0,0,0,1,0,0,0,0
32,33,雷电芽衣,*201,0,0,0,0,0,100,15,0,0,0,0,0,0,135:1,1008:1,0,100,0,0,0,0,0,1,0,0,0,0
33,34,德莉莎,*201,0,0,0,0,1,150,15,0,0,0,1,1,0,0,0,0,0,0,0,0,0,0,1,0,0,0,0
34,35,无量塔姬子,*201,0,0,0,0,1,100,15,0,0,0,1,1,0,0,0,0,0,0,0,0,0,0,1,0,0,0,0
35,36,狂热模式子弹,*201,0,0,0,0,1,100,15,0,0,0,1,1,0,0,0,0,0,0,0,0,0,0,1,0,0,0,0
36,37,标记模式子弹,100,0,0,0,0,1,100,15,0,0,0,1,1,0,0,363:1,0,*201,0,0,0,0,0,1,0,0,0,0
37,38,标记模式子弹,0,0,0,0,0,1,100,15,0,0,0,0,0,0,364:1,0,0,100,0,0,0,0,0,1,0,0,0,0
38,39,迅雷Buff表现,0,0,0,0,0,1,100,15,0,0,0,0,0,0,137:1,0,0,100,0,0,0,0,0,1,0,0,0,0
39,40,量子回溯暴击,*201,0,0,0,2,1,100,15,0,0,0,1,1,5,0,0,0,0,100,500101,0,0,0,1,0,0,0,0
40,41,迅雷BUFF判定,0,0,0,0,0,0,0,0,0,0,0,0,0,0,136:1,0,0,*201,0,0,0,0,0,1,0,0,0,0
41,42,迅雷BUFF内置CD,0,0,0,0,0,0,0,0,0,0,0,0,0,0,441:1,0,0,*201,0,0,0,0,0,1,0,0,0,0
42,43,雷电芽衣受击特效触发,0,0,0,0,0,0,0,0,0,0,0,0,0,0,443:1,0,0,100,0,0,0,0,0,1,0,0,0,0
43,44,Neptune普攻概率判定,0,0,0,0,0,1,100,0,0,0,0,0,0,0,0,237:1,0,40,0,0,0,0,0,1,0,0,0,0
44,45,Noire被动暴击判定,0,0,0,0,0,1,100,0,0,0,0,0,0,0,0,242:1,1,100,0,0,0,0,0,1,0,0,0,0
45,46,Noire被动概率判定,0,0,0,0,0,1,100,0,0,0,0,0,0,0,0,244:1,0,*201,0,0,0,0,0,1,0,0,0,0
46,47,Thunder50狙击,*201,0,0,0,0,0,100,15,0,0,0,1,0,0,0,0,0,0,0,0,0,0,0,1,0,0,0,0
47,48,人偶扳机激活,*201,0,0,0,0,1,100,15,0,0,0,1,1,0,0,0,0,0,0,0,0,0,0,1,0,0,0,0
48,49,人偶扳机检定新,0,0,0,0,0,1,100,15,0,0,0,0,0,0,0,0,0,100,0,0,0,0,0,1,0,0,0,0
49,50,人偶扳机检定旧,0,0,0,0,0,1,100,15,0,0,0,0,0,0,0,0,0,100,0,0,0,0,0,1,0,0,0,0
50,51,霍克艾激活普攻,100,0,0,0,0,1,100,15,0,0,0,1,1,0,0,0,0,0,0,0,0,0,0,1,0,0,0,0
51,52,M4面杀伤,*201,0,0,0,0,1,100,15,0,0,0,1,1,0,0,0,0,0,0,0,0,0,0,1,0,0,0,0
52,53,M4点杀伤,*202,0,0,0,0,0,100,15,0,0,0,0,1,0,0,0,0,0,0,0,0,0,0,1,0,0,0,0
53,54,护盾判定,0,0,0,0,0,1,100,0,0,0,0,0,0,0,0,196:1,0,*202,0,0,0,0,0,1,0,0,0,0
54,56,护盾判定,0,0,0,0,0,1,100,0,0,0,0,0,0,0,0,197:1,0,*202,0,0,0,0,0,1,0,0,0,0
55,57,莫辛纳甘击杀判定,0,0,0,0,0,1,100,0,0,0,0,0,0,0,0,"742:1,1008:1",0,*202,0,0,0,0,0,1,0,0,0,0
56,58,莫辛纳甘击杀判定2,0,0,0,0,0,1,100,0,0,0,0,0,0,0,0,"743:1,1000:1",0,*202,0,0,0,0,0,1,0,0,0,0
57,60,M1918战地魔术,*201,0,0,0,0,1,100,15,0,0,0,1,1,0,0,0,0,0,0,0,0,0,0,1,0,0,0,0
58,301,稻草人扫射,10,0,0,0,0,1,100,0,0,0,0,1,1,0,0,0,0,0,0,0,0,0,0,1,0,0,0,0
59,302,刽子手顺劈斩,400,0,0,0,0,1,100,0,0,0,0,1,0,0,0,0,0,0,0,0,0,0,0,1,0,0,0,0
60,303,建筑师核爆中心,1000,0,0,0,0,0,100,15,0,0,0,0,0,0,0,0,0,0,0,0,0,0,0,1,0,0,0,0
61,304,计量官刀光,100,0,0,0,0,0,100,15,0,0,0,0,0,0,0,0,0,0,0,0,0,0,0,1,0,0,0,0
62,305,炮台扫射,*201,0,0,0,0,1,100,0,0,0,0,1,1,0,0,0,0,0,0,0,0,0,0,1,0,0,0,0
63,306,计量官普攻,25,0,0,0,0,1,100,0,0,0,0,1,1,0,0,0,0,0,0,0,0,0,0,1,0,0,0,0
64,307,建筑师核爆边缘,50,0,0,0,0,0,100,15,0,0,0,0,0,0,0,0,0,0,0,0,0,0,0,1,0,0,0,0
65,308,巨鹰攻势,100,0,0,0,0,1,100,15,0,0,0,0,0,0,0,0,0,0,0,0,0,0,0,1,0,0,0,0
66,309,恶毒绽放,*201,0,0,0,0,0,100,0,0,0,0,0,0,0,0,0,0,0,0,0,0,0,0,1,0,0,0,0
67,310,衔尾蛇SP攻击,*201,0,0,0,0,1,100,15,0,0,0,1,0,0,0,0,0,0,0,0,0,0,0,1,0,0,0,0
68,311,衔尾蛇普攻,50,0,0,0,0,1,100,15,0,0,0,1,1,0,0,0,0,0,0,0,0,0,0,1,0,0,0,0
69,312,刽子手落地,150,0,0,0,0,0,100,15,0,0,0,0,0,0,0,0,0,0,0,0,0,0,0,1,0,0,0,0
70,313,刽子手剑气,200,0,0,0,0,0,100,15,0,0,0,0,0,0,0,0,0,0,0,0,0,0,0,1,0,0,0,0
71,314,刽子手子弹,150,0,0,0,0,0,100,15,0,0,0,0,0,0,0,0,0,0,0,0,0,0,0,1,0,0,0,0
72,315,刽子手剑气后,50,0,0,0,0,1,100,15,0,0,0,0,0,0,0,0,0,0,0,0,0,0,0,1,0,0,0,0
73,316,梦想家激光,*201,0,0,0,0,1,100,15,0,0,0,0,0,0,0,0,0,0,0,0,0,0,0,1,0,0,0,0
74,317,ERR核爆,*201,0,0,0,0,0,100,15,0,0,0,0,0,0,0,0,0,0,0,0,0,0,0,1,0,0,0,0
75,318,ERR三连,*201,0,0,0,0,0,100,15,0,0,0,0,0,0,0,0,0,0,0,0,0,0,0,1,0,0,0,0
76,319,自爆自伤,99999,0,0,0,0,1,100,0,0,0,0,0,0,0,0,0,0,0,0,0,0,0,0,1,0,0,0,0
77,320,自爆爆炸,0,*102,0,0,0,1,100,15,0,0,1,0,0,0,0,0,0,0,0,0,0,0,0,1,0,0,0,0
78,321,狙击妖精,0,*101,0,0,0,0,100,15,0,0,0,0,0,0,0,0,0,0,0,0,0,0,0,1,0,0,0,0
79,322,迫击妖精,0,*102,0,0,0,0,100,15,0,0,1,0,0,0,0,0,0,0,0,0,0,0,0,1,0,0,0,0
80,323,空袭妖精,0,*101,0,0,0,0,100,15,0,0,1,0,0,0,0,0,0,0,0,0,0,0,0,1,0,0,0,0
81,324,精英破坏者导弹,*201,0,0,0,0,0,100,15,0,0,0,0,0,0,0,0,0,0,0,0,0,0,0,1,0,0,0,0
82,325,精英破坏者光束,*202,0,0,0,0,0,100,15,0,0,0,0,0,0,0,0,0,0,0,0,0,0,0,1,0,0,0,0
83,326,护盾触发,0,*103,0,0,0,1,100,15,0,0,0,0,0,0,0,0,0,0,0,0,0,0,0,1,0,0,0,0
84,327,铁血狗SP导弹,*201,0,0,0,0,1,100,15,0,0,0,0,1,0,0,0,0,0,0,0,0,0,0,1,0,0,0,0
85,328,铁血狗激光,60,0,0,0,0,1,100,15,0,0,0,0,1,0,0,0,0,100,0,0,0,0,0,1,0,0,0,0
86,329,破坏者SP导弹,100,0,0,0,0,1,100,15,0,0,0,1,0,0,0,0,0,100,0,0,0,0,0,1,0,0,0,0
87,330,起源弹,*202,0,432,0,0,0,100,15,0,0,0,0,0,0,432:1,0,0,100,0,0,0,0,0,1,0,0,0,0
88,331,瘟疫立场爆炸,*201,0,0,0,0,0,100,15,0,0,0,0,0,0,0,0,0,0,0,0,0,0,0,1,0,0,0,0
89,332,瘟疫立场DOT,*202,0,0,0,0,0,100,15,0,0,0,0,0,0,0,0,0,0,0,0,0,0,0,1,0,0,0,0
90,333,法官扫射,50,0,0,0,0,0,100,0,0,0,0,1,1,0,0,0,0,0,0,0,0,0,0,1,0,0,0,0
91,334,火柱妖精,0,*101,0,0,0,0,100,15,0,0,1,0,0,0,0,0,0,0,0,0,0,0,0,1,0,0,0,0
92,335,人形妖精,0,*101,0,0,0,0,100,15,0,0,0,0,0,0,0,0,0,0,0,0,0,0,0,1,0,0,0,0
93,336,次元斩,0,99999,0,0,0,0,100,0,0,0,0,0,0,0,120:-1,0,0,100,0,0,0,0,0,1,0,0,0,0
94,337,三连斩,90,0,0,0,0,0,100,15,0,0,0,0,1,0,0,0,0,0,0,0,0,0,0,1,0,0,0,0
95,338,希儿普攻,100,0,0,0,0,0,100,15,0,0,0,1,1,0,0,0,0,0,0,0,0,0,0,1,0,0,0,0
96,339,希儿普攻溅射,50,0,0,0,0,0,100,15,0,0,0,1,1,0,0,0,0,0,0,0,0,0,0,1,0,0,0,0
97,340,德莉莎SP溅射,150,0,0,0,0,0,100,15,0,0,0,1,1,0,0,0,0,0,0,0,0,0,0,1,0,0,0,0
98,341,德莉莎冲刺,120,0,0,0,0,0,100,15,0,0,0,1,1,0,0,0,0,0,0,0,0,0,0,1,0,0,0,0
99,342,长矛,0,7,0,0,0,0,100,15,0,0,0,1,1,0,0,0,0,0,0,0,0,0,0,1,0,0,0,0
100,343,强无敌扫射,*201,0,0,0,0,0,100,15,0,0,0,1,1,0,0,0,0,0,0,0,0,0,0,1,0,0,0,0
101,344,掷弹兵燃烧初始,240,0,0,0,0,0,100,15,0,0,0,0,0,0,0,0,0,0,0,0,0,0,0,1,0,0,0,0
102,345,掷弹兵燃烧持续,40,0,0,0,0,0,100,15,0,0,0,0,0,0,0,0,0,0,0,0,0,0,0,1,0,0,0,0
103,346,榴弹,700,0,0,0,0,0,100,15,0,0,0,0,0,0,0,0,0,0,0,0,0,0,0,1,0,0,0,0
104,347,空袭,0,1000,0,0,0,0,100,15,0,0,0,0,0,0,0,0,0,0,0,0,0,0,0,1,0,0,0,0
105,348,信标计时器,0,1,0,0,0,0,100,15,0,0,0,0,0,0,0,0,0,0,0,0,0,0,0,1,0,0,0,0
106,349,掷弹兵普攻,100,0,0,0,0,1,100,15,0,0,0,1,1,0,0,0,0,0,0,0,0,0,0,1,0,0,0,0
107,350,心智冲击,0,9999,0,0,0,0,100,999,0,0,0,0,0,0,0,0,0,0,0,0,0,0,0,1,0,0,0,0
108,351,电磁炮1,0,20,0,0,0,0,100,15,0,0,0,0,0,0,0,0,0,0,0,0,0,0,0,1,0,0,0,0
109,352,地雷,0,130,0,0,0,0,100,15,0,0,0,0,0,0,0,0,0,0,0,0,0,0,0,1,0,0,0,0
110,353,地雷死线,0,9999,0,0,0,0,100,15,0,0,0,0,0,0,0,0,0,0,0,0,0,0,0,1,0,0,0,0
111,354,电磁炮2,70,0,0,0,0,1,100,15,0,0,0,0,0,0,0,0,0,0,0,0,0,0,0,1,0,0,0,0
112,355,电磁炮3,40,0,0,0,0,1,100,15,0,0,0,0,0,0,0,0,0,0,0,0,0,0,0,1,0,0,0,0
113,356,电磁炮4,20,0,0,0,0,1,100,15,0,0,0,1,1,0,0,0,0,0,0,0,0,0,0,1,0,0,0,0
114,357,代理人镜像子弹标记,0,1,0,0,0,0,100,15,0,0,0,1,0,0,169:1,0,0,100,0,0,0,0,0,1,0,0,0,0
115,358,代理人子弹,100,0,0,0,0,0,100,15,0,0,0,1,1,0,0,0,0,0,0,0,0,0,0,1,0,0,0,0
116,359,代理人子弹分身,0,1,0,0,0,1,100,15,0,0,0,1,1,0,0,0,0,0,0,0,0,0,0,1,0,0,0,0
117,360,代理人子弹标记,100,0,0,0,0,1,100,15,0,0,0,1,1,0,169:1,0,0,100,0,0,0,0,0,1,0,0,0,0
118,361,掷弹兵闪光弹,360,0,0,0,0,0,100,15,0,0,0,0,0,0,0,0,0,0,0,0,0,0,0,1,0,0,0,0
119,362,掷弹兵烟雾弹,320,0,0,0,0,0,100,15,0,0,0,0,0,0,0,0,0,0,0,0,0,0,0,1,0,0,0,0
120,368,tac狙击,*201,0,0,0,0,1,100,15,0,0,0,0,0,0,0,0,0,0,0,0,0,0,0,1,0,0,0,0
121,369,aa12霰弹枪普通攻击,100,0,0,0,2,1,100,15,0,0,0,1,1,*201,0,0,0,0,0,500104,0,0,0,1,0,0,0,0
122,370,FP6爆炸伤害,*201,0,0,0,0,0,100,15,0,0,1,0,0,100,0,0,0,0,0,500104,0,0,0,1,0,0,0,0
123,371,支援test普闪,0,50,0,0,0,1,100,15,0,0,1,1,0,0,0,0,0,0,0,0,0,*201,0,1,100,0,0,0
124,372,支援test支闪,0,50,0,0,0,1,100,15,0,0,1,1,0,0,0,0,0,0,0,0,0,*201,0,2,100,0,0,0
125,373,支援test支必中,0,50,0,0,0,1,100,15,0,0,1,0,0,0,0,0,0,0,0,0,0,*202,0,2,100,0,0,0
126,374,支援test支绝对值,0,50,0,0,0,1,100,15,0,0,1,1,0,0,0,0,0,0,0,0,0,0,1000,2,100,0,0,0
127,375,AKS-74U技能开启子弹,100,0,0,0,0,1,100,15,0,0,0,1,1,0,"500:1,501:1",0,0,100,0,0,0,0,0,1,0,0,0,0
128,376,ITOW普通攻击,100,0,0,0,0,0,100,15,0,0,1,1,1,0,0,0,0,100,0,0,0,100,0,2,100,0,0,0
129,377,ITOW主技能攻击,*201,0,0,0,0,0,100,15,0,0,1,1,1,0,0,0,0,100,0,0,0,100,0,2,100,0,0,0
130,378,ITOW主技能追加攻击,*202,0,0,0,0,0,100,15,0,0,1,1,1,0,0,0,0,100,0,0,0,0,0,2,100,0,0,0
131,379,2B14主技能攻击,*201,0,0,0,0,0,100,15,0,0,1,1,1,0,0,0,0,100,0,0,0,100,0,2,100,0,0,0
132,380,2B14追加伤害,*201,0,0,0,0,0,100,15,0,0,1,1,1,0,0,0,0,100,0,0,0,0,0,2,100,0,0,0
133,381,2B14普通攻击,100,0,0,0,0,0,100,15,0,0,1,1,1,0,0,0,0,100,0,0,0,100,0,2,100,0,0,0
134,382,SOP2额外伤害,*201,0,0,0,0,0,100,15,0,0,1,0,0,0,0,0,0,100,0,0,0,0,0,1,0,0,0,0
135,385,AGS-30榴弹,*201,0,0,0,0,0,100,15,0,0,1,1,1,0,0,0,0,0,0,0,0,33,0,2,100,0,0,0
136,386,破防值dot初始伤害,0,0,0,0,0,0,100,15,0,0,1,0,0,0,0,0,0,0,0,0,0,*201,0,2,100,0,0,0
137,387,破防值dot持续伤害,0,0,0,0,0,0,100,15,0,0,1,0,0,0,0,0,0,0,0,0,0,*201,0,2,100,0,0,0
138,388,45敌方自损伤害,*201,0,0,0,0,0,100,15,0,0,0,0,0,0,0,0,0,100,0,0,0,0,0,1,100,0,0,0
139,389,sv98狙击,*201,0,0,0,0,0,100,15,0,0,0,0,0,0,0,0,0,100,0,0,0,0,0,1,0,0,0,0
140,390,AGS-30概率判定,0,0,0,0,0,0,100,0,0,0,0,0,0,0,0,987:1,0,*202,0,0,0,0,0,1,100,0,0,0
141,391,2B14概率判定,0,0,0,0,0,0,100,0,0,0,0,0,0,0,0,961:1,0,40,0,0,0,0,0,1,100,0,0,0
142,392,2B14触发辅助技能,0,0,0,0,0,0,100,0,0,0,0,0,0,0,0,960:1,0,100,0,0,0,0,0,1,100,0,0,0
143,393,蟒蛇攻击1,100,0,0,0,0,1,100,15,0,0,0,1,1,0,0,0,0,100,0,0,0,0,0,1,0,0,0,0
144,394,蟒蛇攻击2,100,0,0,0,0,1,100,15,0,0,0,1,1,0,0,0,0,100,0,0,0,0,0,1,0,0,0,0
145,395,蟒蛇攻击3,100,0,0,0,0,1,100,15,0,0,0,1,1,0,0,0,0,100,0,0,0,0,0,1,0,0,0,0
146,396,蟒蛇攻击4,100,0,0,0,0,1,100,15,0,0,0,1,1,0,0,0,0,100,0,0,0,0,0,1,0,0,0,0
147,397,蟒蛇攻击5,100,0,0,0,0,1,100,15,0,0,0,1,1,0,0,0,0,100,0,0,0,0,0,1,0,0,0,0
148,398,蟒蛇攻击6,100,0,0,0,0,1,100,15,0,0,0,1,1,0,0,0,0,100,0,0,0,0,0,1,0,0,0,0
149,399,M870P防护值衰减,0,0,0,0,0,0,100,0,0,0,0,0,0,0,0,0,0,0,0,0,0,0,100,2,100,0,0,0
150,400,僵尸boss践踏aoe,*202,0,0,0,0,1,100,15,0,0,0,0,1,0,0,0,0,100,0,0,0,0,0,1,0,0,0,0
151,401,僵尸瘟疫光环1,*201,0,0,0,0,0,100,15,0,0,1,0,0,0,0,0,0,100,0,0,0,0,0,1,0,0,0,0
152,402,僵尸瘟疫光环2,*202,0,0,0,0,0,100,15,0,0,1,0,0,0,0,0,0,100,0,0,0,0,0,1,0,0,0,0
153,403,僵尸瘟疫光环3,*203,0,0,0,0,0,100,15,0,0,1,0,0,0,0,0,0,100,0,0,0,0,0,1,0,0,0,0
154,404,僵尸普攻,100,0,0,0,0,1,100,15,0,0,0,1,1,0,0,0,0,0,0,0,0,0,0,1,0,0,0,0
155,405,坦克多发,*201,0,0,0,0,1,100,15,0,0,0,1,1,0,0,0,0,0,0,0,0,0,0,1,0,0,0,0
156,406,坦克技能,*201,0,0,0,0,1,100,15,0,0,1,0,1,0,0,0,0,100,0,0,0,0,0,1,100,0,0,0
157,407,吃小僵尸,0,*103,0,0,0,0,100,0,0,0,1,0,0,0,0,0,0,100,0,0,0,0,0,1,100,0,0,0
158,408,SOP2触发技能,0,0,0,0,0,0,100,0,0,0,0,0,0,0,0,"971:1,576:1",0,100,0,0,0,0,0,1,100,0,0,0
159,409,45触发技能,0,0,0,0,0,0,100,0,0,0,0,0,0,0,0,0,0,100,0,0,0,0,0,1,100,0,0,0
160,410,黑色boss普攻,*201,0,0,0,0,1,100,15,0,0,0,1,1,0,0,0,0,0,0,0,0,0,0,1,0,0,0,0
161,411,黑白boss大招,*201,0,0,0,0,0,100,15,0,0,1,0,0,0,0,0,0,100,0,0,0,0,0,1,0,0,0,0
162,412,真boss扣血,0,*101,0,0,0,0,100,0,0,0,0,0,0,0,0,0,0,100,0,0,0,0,0,1,100,0,0,0
163,413,45敌方自损伤害,0,*101,0,0,0,0,100,15,0,0,1,0,0,0,0,0,0,0,0,0,0,0,0,1,100,0,0,0
164,414,巴雷特狙击,*201,0,0,0,0,1000004561,100,15,0,0,0,0,0,0,120112:1,1000:1,0,*204,0,0,0,0,0,1,0,0,0,0
165,415,白色boss判定,0,0,0,0,0,0,0,15,0,0,0,0,0,0,0,567:1,0,35,0,0,0,0,0,1,0,0,0,0
166,416,白色boss判定2,0,0,0,0,0,0,0,15,0,0,0,0,0,0,0,568:1,0,10,0,0,0,0,0,1,0,0,0,0
167,417,烟花妖精触发,0,0,0,0,0,0,100,0,0,0,0,0,0,0,0,576:1,0,100,0,0,0,0,0,1,0,0,0,0
168,418,K11榴弹判定,0,0,0,0,0,0,100,0,0,0,0,0,0,0,0,"596:1,576:1",0,100,0,0,0,0,0,1,0,0,0,0
169,419,ITOW中心伤害,150,0,0,0,0,0,100,15,0,0,0,0,1,0,0,0,0,100,0,0,0,100,0,2,100,0,0,0
170,420,LWMMG判定,0,0,0,0,0,0,100,15,0,0,0,0,0,0,0,868:1,0,*201,0,0,0,0,0,1,0,0,0,0
171,421,技能效果2,0,0,0,0,0,0,100,0,0,0,0,0,0,0,0,1000:1,0,100,0,0,0,0,0,1,0,0,0,0
172,422,P90伤害,100,0,0,0,0,1,100,15,0,0,0,0,1,0,0,0,0,0,0,0,0,0,0,1,0,0,0,0
173,423,技能效果,0,0,0,0,0,0,100,0,0,0,0,0,0,0,0,"576:1,1001:1",0,100,0,0,0,0,0,1,0,0,0,0
174,424,x95伤害,*201,0,0,0,0,1,100,15,0,0,0,1,1,0,0,0,0,0,0,0,0,0,0,1,0,0,0,0
175,425,ksvk范围伤害,*203,0,0,0,0,0,100,15,0,0,1,0,0,0,0,0,0,0,0,0,0,0,0,1,0,0,0,0
176,426,m16无视防护值,100,0,0,0,0,1,100,15,0,0,0,1,1,0,0,1340:1,0,70,0,0,0,0,100,1,100,0,0,0
177,427,qte人偶扳机激活,0,3000,0,0,0,0,100,15,0,0,0,0,0,0,0,0,0,0,0,0,0,0,0,1,0,0,0,0
178,428,涅托随机判定,0,0,0,0,0,0,100,15,0,0,0,0,0,0,0,1339:1,0,50,0,0,0,0,0,1,0,0,0,0
179,429,年兽伤害,0,*101,0,0,0,0,100,15,0,0,1,0,0,0,0,0,0,0,0,0,0,0,0,1,0,0,0,0
180,430,M200,*201,0,0,0,0,1,100,15,0,0,0,0,1,0,1363:1,0,0,100,0,0,0,0,0,1,0,0,0,0
181,431,年兽眩晕,0,0,0,0,0,0,100,0,0,0,0,0,0,0,221:1,0,0,100,0,0,0,0,0,1,0,0,0,0
182,432,M200普攻,*201,0,0,0,0,1,100,15,0,0,0,1,1,0,0,0,0,0,0,0,0,0,0,1,0,0,0,0
183,434,M2主技能攻击,*201,0,0,0,0,0,100,15,0,0,1,1,1,0,0,0,0,100,0,0,0,0,0,2,100,0,0,0
184,435,M2普通攻击,100,0,0,0,0,0,100,15,0,0,1,1,1,0,0,0,0,100,0,0,0,100,0,2,100,0,0,0
185,436,M2触发,0,0,0,0,0,0,100,0,0,0,0,0,0,0,0,"1373:1,960:1",0,100,0,0,0,0,0,1,0,0,0,0
186,437,AT4随机,0,0,0,0,0,0,100,15,0,0,0,0,0,0,0,1383:1,0,*201,0,0,0,0,0,1,0,0,0,0
187,438,AT4随机伤害,*203,0,0,0,0,0,100,15,0,0,1,0,0,0,0,0,0,0,0,0,0,0,0,2,100,0,0,0
188,439,AT4触发,0,0,0,0,0,0,100,0,0,0,0,0,0,0,0,1373:1,0,100,0,0,0,0,0,1,0,0,0,0
189,440,小熊必中普攻,100,0,0,0,0,1,100,15,0,0,0,0,1,0,0,0,0,0,0,0,0,0,0,1,0,0,0,0
190,441,88式爆,*202,0,0,0,0,0,100,15,0,0,1,0,0,0,0,0,0,0,0,0,0,0,0,1,0,0,0,0
191,442,88式爆额外,*201,0,0,0,0,0,100,15,0,0,1,0,0,0,0,0,0,0,0,0,0,0,0,1,0,0,0,0
192,443,PA15额外,*201,0,0,0,0,1,100,15,0,0,0,0,1,0,"1446:1,1425:1,1447:1",0,0,100,0,0,0,0,0,1,0,0,0,0
193,444,PA15额外2,*201,0,0,0,0,1,100,15,0,0,0,0,1,0,1446:1,0,0,100,0,0,0,0,0,1,0,0,0,0
194,445,EM2狙击,*201,0,0,0,0,1,100,15,0,0,0,0,1,0,0,0,0,0,0,0,0,0,0,1,0,0,0,0
195,446,Boss普通攻击,*202,0,0,0,2,1,100,15,0,0,0,1,1,*201,0,0,0,0,0,500104,0,0,0,1,0,0,0,0
196,447,Stella普通攻击,50,0,0,0,0,1,100,15,0,0,0,1,1,0,0,0,0,0,0,0,0,0,0,1,0,0,0,0
197,448,alms普通攻击,*201,0,0,0,0,1,100,15,0,0,0,1,1,0,0,0,0,0,0,0,0,0,0,1,0,0,0,0
198,449,Dana爆炸伤害,*201,0,0,0,0,0,100,15,0,0,1,0,0,*202,0,0,0,0,0,500104,0,0,0,1,0,0,0,0
199,451,4式穿透,100,0,0,0,0,0,100,15,0,0,0,0,1,0,0,0,0,0,0,0,0,0,0,1,0,0,0,0
200,452,ADS额外层数,0,0,0,0,0,0,100,0,0,0,0,0,0,0,"3122:2,3123:2,3125:2",576:1,0,100,0,0,0,0,0,1,0,0,0,0
201,453,弹幕测试,*202,0,0,0,0,0,100,0,0,0,0,0,0,0,0,0,0,0,0,0,0,0,0,1,0,0,0,0
202,454,ACR伤害,*202,0,0,0,0,1,100,15,0,0,0,1,1,0,0,0,0,0,0,0,0,0,0,1,0,0,0,0
203,455,电磁重甲,*201,0,0,0,0,0,100,15,0,0,1,0,1,0,0,0,0,0,0,0,0,0,0,1,0,0,0,0
204,456,装甲狗,100,0,0,0,0,1,100,15,0,0,0,1,0,0,0,0,0,0,0,0,0,0,0,1,0,0,0,0
205,457,兵工厂减速,0,0,0,0,0,0,100,0,0,0,0,0,0,0,"1000001211:1,3153:1",0,0,100,0,0,0,0,0,1,0,0,0,0
206,458,沙漠之鹰,*201,0,0,0,0,1,100,15,0,0,0,1,1,0,0,0,0,0,0,0,0,0,0,1,0,50,1000001216,0
207,459,沙漠之鹰判定,0,0,0,0,0,1,100,15,0,0,0,0,0,0,1000001219:1,0,0,100,0,0,0,0,0,1,0,0,0,0
208,460,hk416,*201,0,0,0,0,0,100,15,0,0,0,0,0,0,"1000001220:1,1000009220:1",0,0,100,0,0,0,0,0,1,0,0,1000001221,0
209,461,M1895技能攻击,*202,0,0,0,0,1,100,15,0,0,0,1,1,0,0,0,0,0,0,0,0,0,0,1,0,0,0,0
210,462,沙漠之鹰2,*201,0,0,0,0,1,100,15,0,0,0,1,1,0,0,0,0,0,0,0,0,0,0,1,0,50,1000001223,0
211,463,沙漠之鹰3,*201,0,0,0,0,1,100,15,0,0,0,1,1,0,0,0,0,0,0,0,0,0,0,1,0,50,1000001224,0
212,464,沙漠之鹰4,*201,0,0,0,0,1,100,15,0,0,0,1,1,0,0,0,0,0,0,0,0,0,0,1,0,50,1000001225,0
213,465,沙漠之鹰5,*201,0,0,0,0,1,100,15,0,0,0,1,1,0,0,0,0,0,0,0,0,0,0,1,0,50,1000001226,0
214,466,沙漠之鹰6,*201,0,0,0,0,1,100,15,0,0,0,1,1,0,0,0,0,0,0,0,0,0,0,1,0,50,1000001227,0
215,467,沙漠之鹰7,*201,0,0,0,0,1,100,15,0,0,0,1,1,0,0,0,0,0,0,0,0,0,0,1,0,50,1000001228,0
216,468,沙漠之鹰8,*201,0,0,0,0,1,100,15,0,0,0,1,1,0,0,0,0,0,0,0,0,0,0,1,0,50,1000001229,0
217,469,沙漠之鹰9,*201,0,0,0,0,1,100,15,0,0,0,1,1,0,0,0,0,0,0,0,0,0,0,1,0,50,1000001230,0
218,470,沙漠之鹰10,*201,0,0,0,0,1,100,15,0,0,0,1,1,0,0,0,0,0,0,0,0,0,0,1,0,50,1000001231,0
219,471,汉阳造手榴弹,*201,0,0,0,0,0,100,15,0,0,1,1,1,0,0,0,0,0,0,0,0,0,0,1,0,0,1000001249,0
220,472,汉阳造导弹范围,*202,0,0,0,0,0,100,15,0,0,1,0,1,0,0,0,0,0,0,0,0,0,0,1,0,0,0,0
221,473,ump9目标,0,0,0,0,0,0,100,0,0,0,0,0,0,0,3178:1,"576:1,1001:1",0,100,0,0,0,0,0,1,0,0,0,0
222,474,炮狙伤害,*201,0,0,0,0,0,100,15,0,0,0,0,0,0,0,,0,0,0,0,0,0,0,1,0,0,0,0
223,476,军方狗自伤,0,*101,0,0,0,0,100,15,0,0,1,0,0,0,0,0,0,0,0,0,0,0,0,1,0,0,0,0
224,478,涅托击杀,0,0,0,0,0,0,100,0,0,0,1,0,0,0,"1000001301:1,1000001302:1",0,0,100,0,0,0,0,0,1,0,0,0,0
225,479,侧炮伤害,*201,0,0,0,0,0,100,15,0,0,1,1,1,0,0,0,0,0,0,0,0,0,0,1,0,0,0,0
226,480,普通攻击,*201,0,0,0,0,1,100,15,0,0,0,1,1,0,0,0,0,100,0,0,0,0,0,1,0,0,0,0
227,481,军方狗自伤,0,*102,0,0,0,0,100,15,0,0,1,0,0,0,0,0,0,0,0,0,0,0,0,1,0,0,0,0
228,482,弹幕测试,*203,0,0,0,0,0,100,0,0,0,0,0,0,0,0,0,0,0,0,0,0,0,0,1,0,0,0,0
229,483,QLZ04主技能buff,0,0,0,0,0,0,0,0,0,0,0,0,0,0,"4022:1,4023:1",0,0,100,0,0,0,0,0,1,0,0,0,0
230,484,QLZ04二技能1,0,0,0,0,0,0,0,0,0,0,0,0,0,0,1000001405:1,0,0,100,0,0,0,0,0,1,0,0,0,0
231,485,QLZ04二技能2,0,0,0,0,0,0,0,0,0,0,0,0,0,0,1000001406:1,0,0,100,0,0,0,0,0,1,0,0,0,0
232,486,QLZ04二技能3,0,0,0,0,0,0,0,0,0,0,0,0,0,0,1000001407:1,0,0,100,0,0,0,0,0,1,0,0,0,0
233,487,QLZ04二技能4,0,0,0,0,0,0,0,0,0,0,0,0,0,0,1000001408:1,0,0,100,0,0,0,0,0,1,0,0,0,0
234,488,QLZ04二技能5,0,0,0,0,0,0,0,0,0,0,0,0,0,0,1000001409:1,0,0,100,0,0,0,0,0,1,0,0,0,0
235,489,QLZ04二技能6,0,0,0,0,0,0,0,0,0,0,0,0,0,0,1000001410:1,0,0,100,0,0,0,0,0,1,0,0,0,0
236,490,QLZ04二技能7,0,0,0,0,0,0,0,0,0,0,0,0,0,0,1000001411:1,0,0,100,0,0,0,0,0,1,0,0,0,0
237,491,QLZ04二技能8,0,0,0,0,0,0,0,0,0,0,0,0,0,0,1000001412:1,0,0,100,0,0,0,0,0,1,0,0,0,0
238,492,QLZ04二技能9,0,0,0,0,0,0,0,0,0,0,0,0,0,0,1000001413:1,0,0,100,0,0,0,0,0,1,0,0,0,0
239,493,QLZ04二技能10,0,0,0,0,0,0,0,0,0,0,0,0,0,0,1000001414:1,0,0,100,0,0,0,0,0,1,0,0,0,0
240,494,霰弹枪普通攻击,*201,0,0,0,2,1,100,15,0,0,0,1,1,5,0,0,0,0,100,500101,0,0,0,1,0,0,0,0
241,495,DP12护盾,0,0,0,0,0,0,0,0,0,0,0,0,0,0,0,"4047:1,4050:1",0,100,0,0,0,0,0,1,0,0,0,0
242,496,ntw上buff,0,0,0,0,0,0,0,0,0,0,0,0,0,0,0,4064:1,0,100,0,0,0,0,0,1,0,0,0,0
243,497,ntw目标buff,0,0,0,0,0,0,0,0,0,0,0,0,0,0,4063:1,,0,100,0,0,0,0,0,1,0,0,0,0
244,498,ntw连斩,*201,0,0,0,0,0,100,15,0,0,0,1,0,0,0,0,0,0,0,0,0,0,0,1,0,100,1000001460,1
245,499,ntw普攻,100,0,0,0,0,1,100,15,0,0,0,1,1,0,0,0,0,0,0,0,0,0,0,1,0,0,1000001460,0
246,500,ntw狙击,*201,0,0,0,0,0,100,15,0,0,0,0,0,0,0,0,0,0,0,0,0,0,0,1,0,100,1000001460,0
247,501,ntw被动buff,0,0,0,0,0,0,0,0,0,0,0,0,0,0,4067:1,0,0,100,0,0,0,0,0,1,0,0,0,0
248,502,逆向坍塌,0,0,0,0,0,1,100,0,0,0,0,0,0,100,0,0,0,0,100,406220,0,0,0,1,0,0,0,0
249,503,aa12专属+技能普攻,100,0,0,0,2,1,100,15,0,0,1,1,1,*201,0,0,0,0,0,500104,0,0,0,1,0,0,0,0
250,504,aa12专属普攻,100,0,0,0,2,1,100,15,0,0,1,1,1,5,0,0,0,0,0,500104,0,0,0,1,0,0,0,0
251,505,耶格尔自伤,0,*101,0,0,0,0,100,15,0,0,0,0,0,0,0,0,0,0,0,0,0,0,0,1,0,0,0,0
252,506,岸防炮伤害,0,*101,0,0,0,0,100,15,0,0,1,0,0,0,0,0,0,0,0,0,0,0,0,1,0,0,0,0
253,507,岸防炮伤害中心,0,*102,0,0,0,0,100,15,0,0,1,0,0,0,0,0,0,0,0,0,0,0,0,1,0,0,0,0
254,508,伊莱莎全体伤害,*201,0,0,0,0,0,100,15,0,0,0,0,0,0,0,0,0,0,0,0,0,0,0,1,0,0,1000001488,0
255,509,伊莱莎普攻,60,0,0,0,0,1,100,15,0,0,0,1,1,0,0,0,0,100,0,0,0,0,0,1,0,0,0,0
256,510,伊莱莎血量技能,0,*102,0,0,0,0,100,15,0,0,1,0,0,0,0,0,0,0,0,0,0,0,0,1,0,0,1000001488,0
257,511,GSH判定,0,0,0,0,0,0,100,0,0,0,0,0,0,0,0,4128:1,0,*201,0,0,0,0,0,1,0,0,1000001488,0
258,512,绿毛判定,0,0,0,0,0,0,100,0,0,0,0,0,0,0,1000001496:1,0,0,100,0,0,0,0,0,1,0,0,1000001488,0
259,513,绿毛射速判定,0,0,0,0,0,0,100,0,0,0,0,0,0,0,"4134:1,4132:-1",0,0,100,0,0,0,0,0,1,0,0,1000001488,0
260,514,神枪-射击,0,1,0,0,0,0,100,0,0,0,0,0,0,0,0,0,0,0,0,0,0,0,0,1,0,0,0,0
261,515,SAF位移中,0,0,0,0,0,0,100,0,0,0,0,0,0,100,0,0,0,0,100,115606,0,0,0,1,0,0,0,0
262,516,SAF位移中2,0,0,0,0,0,0,100,0,0,0,0,0,0,100,0,0,0,0,100,115607,0,0,0,1,0,0,0,0
263,517,SAF位移上,0,0,0,0,0,0,100,0,0,0,0,0,0,100,0,0,0,0,100,115608,0,0,0,1,0,0,0,0
264,518,SAF位移下,0,0,0,0,0,0,100,0,0,0,0,0,0,100,0,0,0,0,100,115609,0,0,0,1,0,0,0,0
265,519,Alfa普通攻击,*201,0,0,0,0,1,100,15,0,0,0,1,1,0,0,0,0,0,0,0,0,0,0,1,0,0,0,0
266,520,柯尔特防卫者击退,*201,0,0,0,2,1,100,15,0,0,0,1,1,5,0,0,0,0,100,500101,0,0,0,1,0,0,0,0
267,521,柯尔特防卫者2,*201,0,0,0,0,1,100,15,0,0,0,1,1,0,0,0,0,0,0,0,0,0,0,1,0,0,0,0
268,522,贯通射击穿刺,*201,0,0,0,0,1,100,15,0,0,0,0,0,0,0,0,0,0,0,0,0,0,0,1,0,0,0,0
269,523,贯通射击追伤,*202,0,0,0,0,1,100,15,0,0,0,0,0,0,0,0,0,0,0,0,0,0,0,1,0,0,0,0
270,524,灰熊找人,0,0,0,0,0,0,100,0,0,0,0,0,0,0,1000001544:1,0,0,100,0,0,0,0,0,1,0,0,0,0
271,525,计量官普攻,*201,0,0,0,0,1,100,15,0,0,0,1,1,0,0,4241:1,0,100,0,0,0,0,0,1,0,0,0,0
272,526,衔尾蛇普攻,50,0,0,0,0,1,100,15,0,0,0,1,1,0,"4246:1,201:1",0,1,100,0,0,0,0,0,1,0,0,0,0
273,527,计量官普攻,*201,0,0,0,0,1,100,15,0,0,1,0,1,0,0,0,0,0,0,0,0,0,0,1,0,0,0,0
274,528,恶毒绽放,*201,0,0,0,0,0,100,0,0,0,1,0,0,0,0,0,0,0,0,0,0,0,0,1,0,0,0,0
275,529,衔尾蛇SP攻击,*201,0,0,0,0,1,100,15,0,0,1,1,0,0,0,0,0,0,0,0,0,0,0,1,0,0,0,0
276,530,煤气罐炸了,0,*101,0,0,0,0,100,0,0,0,0,0,0,0,0,0,0,0,0,0,0,0,0,1,0,0,0,0
277,531,g36找人,0,0,0,0,0,0,100,0,0,0,0,0,0,0,1000001611:1,0,0,100,0,0,0,0,0,1,0,0,0,0
278,532,震荡打击,*201,0,0,0,*101,1,100,15,0,0,0,0,0,99,4334:1,0,0,100,100,500104,0,0,0,1,0,0,0,0
279,533,普通攻击,100,*101,0,0,0,1,100,15,0,0,0,1,1,0,0,0,0,100,0,0,0,0,0,1,0,0,0,0
280,534,马卡洛夫find(),0,0,0,0,0,0,100,0,0,0,0,0,0,0,0,0,0,100,0,0,0,0,0,1,0,0,0,0
281,535,XM3攻击,100,0,0,0,0,1,100,15,0,0,0,0,1,0,4337:1,0,0,100,0,0,0,0,0,1,0,0,0,0
282,536,铁血芯片增援强化,0,0,0,0,0,0,0,0,0,0,0,0,0,0,1000001661:1,0,0,100,0,0,0,0,0,1,0,0,0,0
283,537,RMB93,0,0,0,0,0,0,0,0,0,0,0,0,0,0,1000001663:1,0,0,100,0,0,0,0,0,1,0,0,0,0
284,538,马卡洛夫find(),0,0,0,0,0,0,0,0,0,0,0,0,0,0,1000001675:1,0,0,100,0,0,0,0,0,1,0,0,0,0
285,539,马卡洛夫find(),0,0,0,0,0,0,0,0,0,0,0,0,0,0,1000001676:1,0,0,100,0,0,0,0,0,1,0,0,0,0
286,540,mg4弹射2,10,0,0,0,0,1,100,15,0,0,0,1,1,0,"1000001687:1,1000001703:1,1000001705:1",0,0,100,0,0,0,0,0,1,0,0,1000001693,0
287,541,mg4弹射3,10,0,0,0,0,1,100,15,0,0,0,1,1,0,"1000001694:1,1000001704:1,1000001706:1",0,0,100,0,0,0,0,0,1,0,0,1000001695,0
288,542,弹射攻击,100,*101,0,0,0,1,100,15,0,0,0,1,1,0,"4358:1,4367:1",0,0,100,0,0,0,0,0,1,0,0,0,0
289,543,马卡洛夫find()增益触发,0,0,0,0,0,0,0,0,0,0,0,0,0,0,1000001691:1,0,0,100,0,0,0,0,0,1,0,0,0,0
290,544,马卡洛夫find()增益触发,0,0,0,0,0,0,0,0,0,0,0,0,0,0,1000001692:1,0,0,100,0,0,0,0,0,1,0,0,0,0
291,545,mg4弹射4,10,0,0,0,0,1,100,15,0,0,0,1,1,0,"4367:1,1000001707",0,0,100,0,0,0,0,0,1,0,0,1000001696,0
292,546,mg4弹射普通2,10,0,0,0,0,1,100,15,0,0,0,1,1,0,0,0,0,100,0,0,0,0,0,1,0,0,1000001693,0
293,547,mg4弹射普通3,10,0,0,0,0,1,100,15,0,0,0,1,1,0,0,0,0,100,0,0,0,0,0,1,0,0,1000001695,0
294,548,mg4弹射普通4,10,0,0,0,0,1,100,15,0,0,0,1,1,0,0,0,0,100,0,0,0,0,0,1,0,0,1000001696,0
295,560,夹心酱外圈,*202,0,0,0,0,0,100,15,0,0,1,0,0,0,0,0,0,0,0,0,0,0,0,1,0,0,1000001772,0
296,561,夹心酱普攻,*201,0,0,0,0,1,100,15,0,0,1,1,1,0,0,0,0,0,0,0,0,0,0,1,0,0,0,0
297,562,百合铃,*201,0,0,0,0,0,100,0,0,0,1,0,0,0,0,0,0,0,0,0,0,0,0,1,0,0,0,0
298,563,铁处女判定,*202,0,0,0,0,0,100,0,0,0,0,0,0,0,1000001756:1,0,0,100,0,0,0,0,0,1,0,0,1000001757,0
299,564,电锯额外伤害,*201,0,0,0,0,0,100,15,0,0,0,0,0,0,0,0,0,0,0,0,0,0,0,1,0,100,0,0
300,565,石化判定,0,0,0,0,0,0,100,0,0,0,0,0,0,0,"1000001758:1,1000001794:1,1000001795:1,1000001796:-5,1000001797:-5,1000001776:1,4383:-5",0,0,100,0,0,0,0,0,1,0,0,0,0
301,566,佩克拉判定,0,0,0,0,0,0,100,0,0,0,0,0,0,0,0,4410:1,0,*201,0,0,0,0,0,1,0,0,0,0
302,567,佩克拉攻击,100,*101,0,0,0,1,100,15,0,0,0,1,0,0,0,0,0,0,0,0,0,0,0,1,0,100,0,0
303,568,米诺斯,*201,0,0,0,0,0,100,15,0,0,1,0,0,0,0,0,0,0,0,0,0,0,0,1,0,0,0,0
304,569,铁处女判定,0,0,0,0,0,0,100,0,0,0,0,0,0,0,"1000001774:-5,1000001775:-5",0,0,100,0,0,0,0,0,1,0,0,0,0
305,570,米诺斯撞1,500,0,0,0,0,0,100,15,0,0,0,0,0,0,0,0,0,0,0,0,0,0,0,1,0,0,1000001761,0
306,571,米诺斯撞2,530,0,0,0,0,0,100,15,0,0,0,0,0,0,0,0,0,0,0,0,0,0,0,1,0,0,1000001762,0
307,572,米诺斯撞3,570,0,0,0,0,0,100,15,0,0,0,0,0,0,0,0,0,0,0,0,0,0,0,1,0,0,1000001763,0
308,573,米诺斯撞4,600,0,0,0,0,0,100,15,0,0,0,0,0,0,0,0,0,0,0,0,0,0,0,1,0,0,1000001764,0
309,574,米诺斯撞5,630,0,0,0,0,0,100,15,0,0,0,0,0,0,0,0,0,0,0,0,0,0,0,1,0,0,1000001765,0
310,575,米诺斯撞6,670,0,0,0,0,0,100,15,0,0,0,0,0,0,0,0,0,0,0,0,0,0,0,1,0,0,1000001766,0
311,576,米诺斯撞7,700,0,0,0,0,0,100,15,0,0,0,0,0,0,0,0,0,0,0,0,0,0,0,1,0,0,1000001767,0
312,577,米诺斯撞8,730,0,0,0,0,0,100,15,0,0,0,0,0,0,0,0,0,0,0,0,0,0,0,1,0,0,1000001768,0
313,578,米诺斯撞9,770,0,0,0,0,0,100,15,0,0,0,0,0,0,0,0,0,0,0,0,0,0,0,1,0,0,1000001769,0
314,579,米诺斯撞10,800,0,0,0,0,0,100,15,0,0,0,0,0,0,0,0,0,0,0,0,0,0,0,1,0,0,1000001770,0
315,580,狙击,0,*101,0,0,0,0,100,15,0,0,0,0,0,0,0,0,0,0,0,0,0,0,0,1,0,0,0,0
316,581,燃烧持续伤害,0,100,0,0,0,0,100,15,0,0,1,0,0,0,0,0,0,0,0,0,0,0,0,1,0,0,0,0
317,582,铁处女加buff,0,0,0,0,0,0,100,0,0,0,0,0,0,0,"4400:1,4401:1",0,0,100,0,0,0,0,0,1,0,0,0,0
318,583,大招伤害,*201,0,0,0,0,0,100,15,0,0,0,0,0,0,0,0,0,0,0,0,0,0,0,1,0,0,0,0
319,584,布拉梅德判定,0,0,0,0,0,0,100,0,0,0,0,0,0,0,"1000001930:1,1000001931:1,1000001932:1,1000001933:1,1000001934:1,1000001935:1,1000001936:1,1000001940:1",0,0,100,0,0,0,0,0,1,0,0,0,0
320,585,布拉梅德无敌,0,0,0,0,0,0,100,0,0,0,0,0,0,0,4541:1,0,0,100,0,0,0,0,0,1,0,0,0,0
321,586,布拉梅德自损,0,*101,0,0,0,0,100,0,0,0,0,0,0,0,0,0,0,0,0,0,0,0,0,1,0,0,0,0
322,587,YaMi,0,10,0,0,0,0,100,0,0,0,0,0,0,0,0,0,0,0,0,0,0,0,0,1,0,0,0,0
323,588,普通攻击,*201,0,0,0,0,1,100,15,0,0,0,1,1,0,0,0,0,0,0,0,0,0,0,1,0,0,0,0
324,589,PP93距离测量,0,0,0,0,0,0,0,0,0,0,0,0,0,0,0,4617:1,0,100,0,0,0,0,0,1,0,0,0,0
325,590,Alfa普通攻击,*201,0,0,0,0,1,100,15,0,0,0,0,1,0,0,0,0,0,0,0,0,0,0,1,0,0,0,0
326,591,PP93距离测量普攻用,0,0,0,0,0,0,0,0,0,0,0,0,0,0,0,4625:1,0,100,0,0,0,0,0,1,0,0,0,0
327,592,PP93主技能攻击,*201,0,0,0,0,0,100,15,0,0,1,1,1,0,0,0,0,100,0,0,0,100,0,2,100,0,1000001960,0
328,593,PP93普通攻击,*201,0,0,0,0,0,100,15,0,0,1,1,1,0,0,0,0,100,0,0,0,100,0,2,100,0,0,0
329,594,迎击普攻,*201,0,0,0,0,1000002076,100,5,0,0,0,1,1,0,0,0,0,0,0,0,0,0,0,1,0,0,0,0
330,595,范围伤害,*201,0,0,0,0,0,100,0,0,0,1,0,0,0,0,0,0,0,0,0,0,0,0,1,0,0,1000001968,0
331,596,vsk普攻,*201,0,0,0,0,1,100,5,0,0,0,0,0,0,0,0,0,0,0,0,0,0,0,1,0,0,0,0
332,597,黑涅托Hammer眩晕,0,0,0,0,0,0,100,0,0,0,0,1,0,0,"4665:1,4690:1",0,0,30,0,0,0,0,0,1,0,0,0,0
333,598,黑涅托SMG攻击,100,0,0,0,0,1,100,15,0,0,0,1,1,0,4664:1,0,0,100,0,0,0,0,0,1,0,0,0,0
334,599,黑涅托RF贯穿,200,0,0,0,0,1,100,15,0,0,0,0,1,0,0,0,0,100,0,0,0,0,0,1,0,0,0,0
335,600,白涅托找人,0,0,0,0,0,0,100,0,0,0,0,0,0,0,0,4670:1,0,100,0,0,0,0,0,1,0,0,0,0
336,601,白涅托找人,0,0,0,0,0,0,100,0,0,0,0,0,0,0,0,4674:1,0,100,0,0,0,0,0,1,0,0,0,0
337,602,QBZ191普攻,0,0,0,0,0,0,100,0,0,0,0,0,0,0,"4680:1000001976,4679:1000001975",0,0,100,0,0,0,0,0,1,0,0,0,0
338,603,QBZ191范围伤害,*201,0,0,0,0,0,100,15,0,0,0,0,1,0,0,0,0,0,0,0,0,0,0,1,0,0,1000001989,0
339,604,QBZ191上buff,0,0,0,0,0,0,100,0,0,0,0,0,0,0,4679:1,0,0,100,0,0,0,0,0,1,0,0,0,0
340,605,斯特林,0,0,0,0,0,0,100,0,0,0,0,0,0,0,0,"576:1,4688:1",0,100,0,0,0,0,0,1,0,0,0,0
341,606,狗伤害,100,0,0,0,0,1,100,15,0,0,0,1,0,0,0,0,0,0,0,0,0,0,0,1,0,0,0,0
342,607,白色跳跳兵激光,*201,0,0,0,0,0,100,15,0,0,1,0,0,0,0,0,0,100,0,0,0,0,0,1,0,0,0,0
343,608,黑涅托hammer伤害,100,0,0,0,0,1,100,15,0,0,0,1,1,0,0,0,0,0,0,0,0,0,0,1,0,0,1000002074,0
344,609,黑涅托RF彩蛋,100,0,0,0,0,1,100,0,0,0,0,0,0,0,0,0,0,0,0,0,0,0,0,1,0,0,0,1
345,610,vsk技能,*201,0,0,0,0,1,100,5,0,0,0,0,0,0,4712:1,0,0,100,0,0,0,0,0,1,0,0,1000001968,1
346,611,重装伤害,0,*103,0,0,0,0,100,0,0,0,1,0,0,0,0,0,0,0,0,0,0,0,0,1,0,0,1000001968,0
347,612,MG4贯穿,*201,0,0,0,0,0,100,5,0,0,0,1,1,0,0,0,0,0,0,0,0,0,0,1,0,100,0,0
348,613,QBZ191技能普攻,0,0,0,0,0,0,100,0,0,0,0,0,0,0,"4680:1000001976,4679:1000001975,4733:1000002078",4732:-1,0,100,0,0,0,0,0,1,0,0,0,0
349,614,日冕伤害,0,0,0,0,0,0,100,15,0,0,0,0,0,0,0,0,0,0,0,0,0,0,0,1,0,0,1000002081,0
350,615,日冕主动伤害,0,0,0,0,0,0,100,15,0,0,0,0,0,0,0,0,0,0,0,0,0,0,0,1,0,0,1000002082,0
351,616,日冕伤害`友方,0,0,0,0,0,0,100,15,0,0,0,0,0,0,0,0,0,0,0,0,0,0,0,1,0,0,1000002095,0
352,617,日冕主动伤害·友方,0,0,0,0,0,0,100,15,0,0,0,0,0,0,0,0,0,0,0,0,0,0,0,1,0,0,1000002096,0
353,619,索米普攻,100,0,0,0,0,1,100,15,0,0,0,1,1,0,0,0,0,100,0,0,0,0,0,1,0,0,0,0
354,620,索米3s判定,0,*201,0,0,0,0,100,0,0,0,0,0,0,0,4813:1000002101,0,0,100,0,0,0,0,0,1,0,0,1000002102,0
355,621,索米3s判定,0,0,0,0,0,0,100,0,0,0,0,0,0,0,4793:-99,0,0,100,0,0,0,0,0,1,0,0,0,0
356,900,白色跳跳兵激光,*201,0,0,0,0,0,100,15,0,0,1,0,0,0,0,0,0,100,0,0,0,0,0,1,0,0,0,0
357,993,断连惩罚,0,5,0,0,0,0,100,0,0,0,0,0,0,0,0,0,0,0,0,0,0,0,0,1,0,0,0,0
358,994,断连判定,0,0,0,0,0,0,100,15,0,0,0,0,0,0,609:2,0,0,*201,0,0,0,0,0,1,0,0,0,0
359,995,BD判定-,0,0,0,0,0,0,100,15,0,0,0,0,0,0,609:2,0,0,*202,0,0,0,0,0,1,0,0,0,0
360,996,COMBO显示,0,0,0,0,0,0,100,15,0,0,0,0,0,0,610:1,0,0,*201,0,0,0,0,0,1,0,0,0,0
361,999,即死,999999,0,0,0,0,0,100,15,0,0,0,0,0,0,0,0,0,0,0,0,0,0,0,1,0,0,0,0
362,1200,蟒蛇射击,100,0,0,0,0,1,100,15,0,0,0,1,1,0,0,0,0,0,0,0,0,0,0,1,0,0,0,0
363,1201,蟒蛇BUFF触发,0,0,0,0,0,0,0,15,0,0,0,0,0,0,0,1216:1,0,*202,0,0,0,0,0,1,0,0,0,0
364,1330,起源弹新,*202,0,432,0,0,0,100,15,0,0,0,0,0,0,1432:1,0,0,100,0,0,0,0,0,1,0,0,0,0
365,2001,英雄本色,*201,0,0,0,0,1,100,15,0,0,0,1,1,0,0,0,0,0,0,0,0,0,0,1,0,0,0,0
366,2002,隐蔽狙击,*201,0,0,0,0,0,100,15,0,0,0,0,0,0,0,"725:1,726:1",0,*202,0,0,0,0,0,1,0,0,0,0
367,2004,噩梦标记法球添加,100,0,0,0,0,1,100,15,0,0,0,1,1,0,713:1,0,0,*201,0,0,0,0,0,1,0,0,0,0
368,2005,专注射击法球添加,0,0,0,0,0,1,100,15,0,0,0,0,0,0,0,718:1,0,*201,0,0,0,0,0,1,0,0,0,0
369,2006,专注射击,*201,0,0,0,0,1,100,15,0,0,0,1,1,0,0,0,0,0,0,0,0,0,0,1,0,0,0,0
370,2010,狼牙棒普攻伤害,100,0,0,0,0,1,100,15,0,0,0,1,1,0,750201:1,0,0,20,0,0,0,0,0,1,0,0,0,0
371,2011,冰冻印记,20,0,0,0,0,1,100,5,0,0,0,0,1,0,0,0,0,0,0,0,0,0,0,1,0,0,0,0
372,2012,精英犬撕裂攻击,100,0,0,0,0,2,100,5,0,0,0,1,0,0,0,0,0,0,0,0,0,0,0,1,0,0,0,0
373,2013,冰雪魔物普攻,100,0,0,0,0,1,100,10,0,0,0,1000004003,1000004003,0,0,0,0,0,0,0,0,0,0,1,0,1000004004,0,0
374,2014,魔物杂兵远程,*201,0,0,0,0,1,100,10,0,0,0,1,1,0,0,0,0,0,0,0,0,0,0,1,0,1000004005,0,0
375,2015,SVD专属装备技能,*201,0,0,0,0,1,100,10,0,0,0,0,0,0,0,0,0,0,0,0,0,0,0,1,0,0,0,0
376,2016,百合铃二技能伤害,*101,0,0,0,0,1,100,10,0,0,0,0,0,0,0,0,0,0,0,0,0,0,0,1,0,100,0,0
377,2017,召唤物狼牙棒普攻伤害,100,0,0,0,0,1,100,10,0,0,0,1,0,0,750201:1,0,0,20,0,0,0,0,0,1,0,100,0,0
378,2018,狙击妖精-改,0,*101,0,0,0,0,100,15,0,0,0,0,0,0,0,0,0,0,0,0,0,0,0,1,0,0,1000004017,0
379,2019,诅咒妖精,0,0,0,0,0,0,0,0,0,0,0,0,0,0,0,0,0,0,0,0,0,0,0,1,100,100,1000004038,0
380,2020,泳装建筑师核范围伤害,*201,0,0,0,0,0,100,15,0,0,1,0,0,0,0,0,0,100,0,0,0,0,0,1,0,0,1000003551,0
381,2021,建筑师子弹攻击,100,0,0,0,0,1,100,15,0,0,0,1,1,0,0,0,0,0,0,0,0,0,0,1,0,0,0,0
382,2022,建筑ex爆额外,*102,0,0,0,0,0,100,15,0,0,0,0,1,0,0,0,0,0,0,0,0,0,0,1,0,0,1000003551,0
383,2023,泳装建筑师海浪,0,0,0,0,2,0,0,0,0,0,0,0,0,99,0,0,0,100,0,900166,0,0,0,1,0,0,0,0
384,2024,战区编制伤害,0,*101,0,0,0,0,100,10,0,0,1,0,0,0,0,0,0,0,0,0,0,0,0,1,0,0,0,0
385,2025,战区队长buff-5个,0,0,0,0,0,0,0,0,0,0,0,0,0,0,"1000004071:1,1000004072:1,1000004073:1,1000004074:1,1000004075:1",0,0,100,0,0,0,0,0,1,0,0,0,0
386,2026,小狗普攻伤害,100,0,0,0,0,1,100,15,0,0,0,1,1,0,0,0,0,0,0,0,0,0,0,1,0,0,0,0
387,2027,kh2002普攻伤害,100,0,0,0,0,1,100,15,0,0,0,1,1,0,0,0,0,0,0,0,0,0,0,1,0,0,1000004116,0
388,2028,白教机甲-警备-掷弹普攻,100,0,0,0,0,1,100,15,0,0,0,1,1,0,0,0,0,0,0,0,0,0,0,1,0,0,0,0
389,2029,白教机甲士蓄力,150,0,0,0,0,1,100,15,0,0,0,0,1,0,0,0,0,0,0,0,0,0,0,1,0,0,0,0
390,2030,白教掷弹兵手榴弹,*201,0,0,0,0,0,100,15,0,0,1,0,0,0,0,0,0,0,0,0,0,0,0,1,0,0,0,0
391,2031,白教掷弹兵火箭筒,0,0,0,0,0,0,100,15,0,0,1,0,0,0,0,0,0,0,0,0,0,0,0,1,0,0,1000004128,0
392,2032,kh2002普攻伤害1,100,0,0,0,0,1,100,15,0,0,0,1,1,0,0,0,0,0,0,0,0,0,0,1,0,0,1000004130,0
393,2033,kh2002普攻伤害2,100,0,0,0,0,1,100,15,0,0,0,1,1,0,0,0,0,0,0,0,0,0,0,1,0,0,1000004131,0
394,2034,kh2002普攻伤害3,100,0,0,0,0,1,100,15,0,0,0,1,1,0,0,0,0,0,0,0,0,0,0,1,0,0,1000004132,0
395,2035,kh2002普攻伤害4,100,0,0,0,0,1,100,15,0,0,0,1,1,0,0,0,0,0,0,0,0,0,0,1,0,0,1000004133,0
396,2036,kh2002普攻伤害5,100,0,0,0,0,1,100,15,0,0,0,1,1,0,0,0,0,0,0,0,0,0,0,1,0,0,1000004134,0
397,2037,kh2002普攻伤害6,100,0,0,0,0,1,100,15,0,0,0,1,1,0,0,0,0,0,0,0,0,0,0,1,0,0,1000004135,0
398,2038,kh2002普攻伤害7,100,0,0,0,0,1,100,15,0,0,0,1,1,0,0,0,0,0,0,0,0,0,0,1,0,0,1000004136,0
399,2039,kh2002普攻伤害8,100,0,0,0,0,1,100,15,0,0,0,1,1,0,0,0,0,0,0,0,0,0,0,1,0,0,1000004137,0
400,2040,kh2002普攻伤害9,100,0,0,0,0,1,100,15,0,0,0,1,1,0,0,0,0,0,0,0,0,0,0,1,0,0,1000004138,0
401,2041,kh2002普攻伤害10,100,0,0,0,0,1,100,15,0,0,0,1,1,0,0,0,0,0,0,0,0,0,0,1,0,0,1000004139,0
402,2042,诅咒妖精第一次伤害,0,*102,0,0,0,0,100,0,0,0,0,0,0,0,0,0,0,0,0,0,0,0,0,1,0,0,0,0
403,2043,白教行刑官一击伤害,*201,0,0,0,0,1,100,15,0,0,0,0,0,0,0,0,0,0,0,0,0,0,0,1,0,100,0,0
404,2044,白教行刑官流血标记,0,*101,0,0,0,0,100,0,0,0,0,0,0,0,0,0,0,0,0,0,0,0,0,1,0,0,0,0
405,2045,白教粒子炮普攻,50,0,0,0,0,1,100,15,0,0,0,1,1,0,0,0,0,0,0,0,0,0,0,1,0,0,0,0
406,2046,战区队长buff-5个,0,0,0,0,0,0,0,0,0,0,0,0,0,0,"1000004145:1,1000004146:1,1000004147:1,1000004148:1,1000004149:1,1000004150:1,1000004151:1,1000004152:1,1000004153:1,1000004154:1",0,0,100,0,0,0,0,0,1,0,0,0,0
407,2047,白教行刑官普攻,100,0,0,0,0,1,100,15,0,0,0,1,1,0,7600:1,0,0,100,0,0,0,0,0,1,0,0,0,0
408,2048,白教粒子炮光束,150,0,0,0,0,1,100,15,0,0,0,0,1,0,0,0,0,0,0,0,0,0,0,1,0,0,0,0
409,2049,白教污染伤害,10,0,0,0,0,0,100,15,0,0,1,0,0,0,0,0,0,0,0,0,0,0,0,1,0,0,0,0
410,2050,白教粒子小光束,50,0,0,0,0,1,100,15,0,0,0,0,1,0,0,0,0,0,0,0,0,0,0,1,0,0,0,0
411,2051,缇普攻,50,0,0,0,0,1,100,15,0,0,0,1,1,0,0,0,0,0,0,0,0,0,0,1,0,0,0,0
412,2052,缇标记伤害,200,0,0,0,0,1,100,15,0,0,0,0,1,0,0,0,0,0,0,0,0,0,0,1,0,0,0,0
413,2053,缇爪击伤害,*201,0,0,0,0,1,100,15,0,0,0,1,0,0,0,0,0,0,0,0,0,0,0,1,0,0,0,0
414,2054,缇撕裂伤害,0,*101,0,0,0,0,0,10,0,0,0,0,0,0,0,0,0,0,0,0,0,0,0,1,0,0,0,0
415,2055,缇穿刺伤害,*201,0,0,0,0,1,100,15,0,0,0,0,1,0,0,0,0,0,0,0,0,0,0,1,0,0,0,0
416,2056,缇必杀真伤,0,999,0,0,0,0,100,0,0,0,0,0,0,0,0,0,0,0,0,0,0,0,0,1,0,100,999,0
417,2057,诅咒妖精,0,0,0,0,0,0,0,0,0,0,0,0,0,0,0,0,0,0,0,0,0,0,0,1,100,100,1000004039,0
418,2058,诅咒妖精,0,0,0,0,0,0,0,0,0,0,0,0,0,0,0,0,0,0,0,0,0,0,0,1,100,100,1000004040,0
419,2059,诅咒妖精,0,0,0,0,0,0,0,0,0,0,0,0,0,0,0,0,0,0,0,0,0,0,0,1,100,100,1000004041,0
420,2060,诅咒妖精,0,0,0,0,0,0,0,0,0,0,0,0,0,0,0,0,0,0,0,0,0,0,0,1,100,100,1000004042,0
421,2061,诅咒妖精,0,0,0,0,0,0,0,0,0,0,0,0,0,0,0,0,0,0,0,0,0,0,0,1,100,100,1000004043,0
422,2062,诅咒妖精,0,0,0,0,0,0,0,0,0,0,0,0,0,0,0,0,0,0,0,0,0,0,0,1,100,100,1000004044,0
423,2063,诅咒妖精,0,0,0,0,0,0,0,0,0,0,0,0,0,0,0,0,0,0,0,0,0,0,0,1,100,100,1000004045,0
424,2064,诅咒妖精,0,0,0,0,0,0,0,0,0,0,0,0,0,0,0,0,0,0,0,0,0,0,0,1,100,100,1000004046,0
425,2065,诅咒妖精,0,0,0,0,0,0,0,0,0,0,0,0,0,0,0,0,0,0,0,0,0,0,0,1,100,100,1000004047,0
426,2066,支援伤害,0,*101,0,0,0,0,100,10,0,0,1,0,0,0,0,0,0,0,0,0,0,0,0,1,0,0,0,0
427,2067,布拉梅德狂暴伤害,100,0,0,0,0,0,100,0,0,0,0,0,0,0,0,0,0,0,0,0,0,0,0,1,0,0,0,0
428,2089,普通攻击,100,0,0,0,0,1,100,15,0,0,0,1,1,0,0,0,0,0,0,0,0,0,0,1,0,0,1000004207,0
429,2090,狙娘狙击,*201,0,0,0,0,0,100,15,0,0,0,0,0,0,0,0,0,0,0,0,0,0,0,1,0,0,1000004207,0
430,2094,SR2特殊攻击,100,0,0,0,0,1,100,15,0,0,0,0,1,0,0,0,0,0,0,0,0,0,0,1,0,100,0,0
431,2095,g36c自伤,0,50,0,0,0,2,0,0,0,0,0,0,0,0,0,7727:1,0,100,0,0,0,0,0,0,0,0,1000004232,0
432,2096,猎豹改消buff,0,0,0,0,0,0,0,0,0,0,0,0,0,0,0,"3302:-10,3303:-10,3301:1,7732:-1,7733:-1",0,100,0,0,0,0,0,1,0,0,0,0
433,2097,猎豹穿盾狙击,*201,0,0,0,0,0,100,15,0,0,0,0,0,0,7735:1,0,0,100,0,0,0,0,0,1,0,100,0,0
434,2098,普通攻击,100,0,0,0,0,1,100,15,0,0,0,1,1,0,7735:1,0,0,100,0,0,0,0,0,1,0,0,0,0
435,2099,自毁,*201,*101,0,0,0,0,100,0,0,0,0,0,0,0,0,0,0,0,0,0,0,0,0,1,100,100,1000004231,0
436,2100,干扰者迷雾伤害,*203,0,0,0,0,0,100,15,0,0,1,0,0,0,0,0,0,0,0,0,0,0,0,1,0,0,0,0
437,2101,干扰者支援强化,0,0,0,0,0,0,0,0,0,0,0,0,0,0,"1000004281:1,1000004282:1,1000004283:1",0,0,100,0,0,0,0,0,1,0,0,0,0
438,2102,霰弹枪普通攻击,100,0,0,0,2,1,100,15,0,0,0,1,1,5,1000003642:1,0,0,100,100,500101,0,0,0,1,0,0,0,0
439,2103,M26霰范围伤害,0,*102,0,0,0,0,100,15,0,0,1,0,0,0,0,0,0,0,0,0,0,0,0,1,0,0,0,0
440,2104,M26霰鸟弹与普攻通用,100,0,0,0,2,1,100,15,0,0,0,1,1,5,7766:1,0,0,100,100,500101,0,0,0,1,0,0,0,0
441,2105,M26霰独头弹普攻专用,300,0,0,0,2,1,100,15,0,0,0,1,1,5,7766:1,0,0,100,100,500101,0,0,0,1,0,0,0,0
442,2106,FO12普通鸟弹与普攻通用,100,0,0,0,2,1,100,15,0,0,0,1,1,5,0,7771:1,0,100,100,500101,0,0,0,1,0,0,0,0
443,2107,FO12普通独头弹普攻专用,300,0,0,0,2,1,100,15,0,0,0,1,1,5,0,7771:1,0,100,100,500101,0,0,0,1,0,0,0,0
444,2108,FO12必中鸟弹与普攻通用,100,0,0,0,2,1,100,15,0,0,0,0,1,10,0,7771:1,0,100,100,500101,0,0,0,1,0,0,0,0
445,2109,FO12必中独头弹普攻专用,300,0,0,0,2,1,100,15,0,0,0,0,1,10,0,7771:1,0,100,100,500101,0,0,0,1,0,0,0,0
446,2110,Fo12普固鸟弹与普攻通用,100,0,0,0,2,1,100,15,0,0,0,1,1,5,0,0,0,0,100,500101,0,0,0,1,0,0,0,0
447,2111,Fo12普固独头弹普攻专用,300,0,0,0,2,1,100,15,0,0,0,1,1,5,0,0,0,0,100,500101,0,0,0,1,0,0,0,0
448,2112,Fo12必固鸟弹与普攻通用,100,0,0,0,2,1,100,15,0,0,0,0,1,10,0,0,0,0,100,500101,0,0,0,1,0,0,0,0
449,2113,Fo12必固独头弹普攻专用,300,0,0,0,2,1,100,15,0,0,0,0,1,10,0,0,0,0,100,500101,0,0,0,1,0,0,0,0
450,2114,Fo12必杀,*201,*101,0,0,0,0,100,15,0,0,1,0,0,0,0,0,0,0,0,0,0,0,0,1,100,100,1000004231,0
451,2115,MAG7攻击触发,0,0,0,0,0,0,100,15,0,0,0,0,0,0,0,7779:1,0,100,0,0,0,0,0,1,0,0,0,0
452,2116,MAG7霰鸟弹与普攻通用,100,0,0,0,2,1,100,15,0,0,0,1,1,5,0,0,0,0,100,500101,0,0,0,1,0,0,0,0
453,2117,MAG7无甲独头普攻专用1级,300,0,0,0,2,1,130,15,0,0,0,1,0,5,0,0,0,0,100,500101,0,0,0,1,0,0,0,0
454,2118,MAG7无甲独头普攻专用2级,300,0,0,0,2,1,132,15,0,0,0,1,0,5,0,0,0,0,100,500101,0,0,0,1,0,0,0,0
455,2119,MAG7无甲独头普攻专用3级,300,0,0,0,2,1,134,15,0,0,0,1,0,5,0,0,0,0,100,500101,0,0,0,1,0,0,0,0
456,2120,MAG7无甲独头普攻专用4级,300,0,0,0,2,1,137,15,0,0,0,1,0,5,0,0,0,0,100,500101,0,0,0,1,0,0,0,0
457,2121,MAG7无甲独头普攻专用5级,300,0,0,0,2,1,139,15,0,0,0,1,0,5,0,0,0,0,100,500101,0,0,0,1,0,0,0,0
458,2122,MAG7无甲独头普攻专用6级,300,0,0,0,2,1,141,15,0,0,0,1,0,5,0,0,0,0,100,500101,0,0,0,1,0,0,0,0
459,2123,MAG7无甲独头普攻专用7级,300,0,0,0,2,1,143,15,0,0,0,1,0,5,0,0,0,0,100,500101,0,0,0,1,0,0,0,0
460,2124,MAG7无甲独头普攻专用8级,300,0,0,0,2,1,146,15,0,0,0,1,0,5,0,0,0,0,100,500101,0,0,0,1,0,0,0,0
461,2125,MAG7无甲独头普攻专用9级,300,0,0,0,2,1,148,15,0,0,0,1,0,5,0,0,0,0,100,500101,0,0,0,1,0,0,0,0
462,2126,MAG7无甲独头普攻专用10级,300,0,0,0,2,1,150,15,0,0,0,1,0,5,0,0,0,0,100,500101,0,0,0,1,0,0,0,0
463,2127,mag7非独无甲普攻专用1级,100,0,0,0,2,1,130,15,0,0,0,1,0,5,0,0,0,0,100,500101,0,0,0,1,0,0,0,0
464,2128,mag7非独无甲普攻专用2级,100,0,0,0,2,1,132,15,0,0,0,1,0,5,0,0,0,0,100,500101,0,0,0,1,0,0,0,0
465,2129,mag7非独无甲普攻专用3级,100,0,0,0,2,1,134,15,0,0,0,1,0,5,0,0,0,0,100,500101,0,0,0,1,0,0,0,0
466,2130,mag7非独无甲普攻专用4级,100,0,0,0,2,1,137,15,0,0,0,1,0,5,0,0,0,0,100,500101,0,0,0,1,0,0,0,0
467,2131,mag7非独无甲普攻专用5级,100,0,0,0,2,1,139,15,0,0,0,1,0,5,0,0,0,0,100,500101,0,0,0,1,0,0,0,0
468,2132,mag7非独无甲普攻专用6级,100,0,0,0,2,1,141,15,0,0,0,1,0,5,0,0,0,0,100,500101,0,0,0,1,0,0,0,0
469,2133,mag7非独无甲普攻专用7级,100,0,0,0,2,1,143,15,0,0,0,1,0,5,0,0,0,0,100,500101,0,0,0,1,0,0,0,0
470,2134,mag7非独无甲普攻专用8级,100,0,0,0,2,1,146,15,0,0,0,1,0,5,0,0,0,0,100,500101,0,0,0,1,0,0,0,0
471,2135,mag7非独无甲普攻专用9级,100,0,0,0,2,1,148,15,0,0,0,1,0,5,0,0,0,0,100,500101,0,0,0,1,0,0,0,0
472,2136,mag7非独无甲普攻专用10级,100,0,0,0,2,1,150,15,0,0,0,1,0,5,0,0,0,0,100,500101,0,0,0,1,0,0,0,0
473,2137,连珠终结,*201,0,0,0,0,0,100,15,0,0,0,0,1,0,0,0,0,0,0,0,0,0,0,1,0,0,0,0
474,2141,震荡打击,*201,0,0,0,*101,1,100,15,0,0,0,0,0,99,0,0,0,100,100,500104,0,0,0,1,0,0,0,0
475,2142,减分榴弹,0,50,0,0,0,0,100,0,0,0,0,0,0,0,0,0,0,0,0,0,0,0,0,1,0,0,0,0
476,2143,加分榴弹,0,1,0,0,0,0,100,0,0,0,0,0,0,0,0,0,0,0,0,0,0,0,0,1,0,0,0,0
477,2144,PX4普攻,100,0,0,0,0,1,100,15,0,0,0,0,1,0,7838:1,0,0,100,0,0,0,0,0,1,0,0,0,0
478,2145,PX4披萨子弹,*202,0,0,0,0,0,100,0,0,0,0,0,0,0,"1000004368:1,1000004350:1",0,0,100,0,0,0,0,0,1,0,0,0,0
479,2146,蓝雪人普攻,100,0,0,0,0,1,100,15,0,0,0,0,1,0,7840:1,0,0,100,0,0,0,0,0,1,0,0,0,0
480,2147,红雪人普攻,100,0,0,0,0,1,100,15,0,0,0,0,1,0,7840:1,0,0,100,0,0,0,0,0,1,0,0,0,0
481,2148,雪人标记子弹,*201,0,0,0,0,0,100,0,0,0,0,0,0,0,"1000004351:1,1000004367:1,1000004352:1",0,0,100,0,0,0,0,0,1,0,0,0,0
482,2149,px4大招榴弹,100,0,0,0,0,0,100,15,0,0,0,0,0,0,0,0,0,0,0,0,0,0,0,1,0,0,0,0
483,2150,监视辅助,0,0,0,0,0,0,100,0,0,0,0,0,0,0,"1000004357:1,1000004355:1,1000004356:1,1000004359:1,1000004360:1,1000004354:1",0,0,100,0,0,0,0,0,1,0,0,0,0
484,2151,VSK普攻,*201,0,0,0,0,1,100,15,0,0,0,1,1,0,7875:1,0,0,100,0,0,0,0,0,1,0,0,0,0
485,2152,VSK偷取,0,0,0,0,0,1,100,15,0,0,0,0,0,0,7874:1,0,0,100,0,0,0,0,0,1,0,0,0,0
486,2153,a545普通攻击,100,0,0,0,0,1,100,15,0,0,0,1,1,0,0,0,0,0,0,0,0,0,0,1,0,0,0,0
487,2154,a545烈酒攻击,100,0,0,0,0,1,100,15,0,0,0,1,1,0,0,0,0,0,0,0,0,0,0,1,0,0,0,0
488,2155,实时队长判断,0,0,0,0,0,0,100,15,0,0,0,0,0,0,1000004370:1,0,0,100,0,0,0,0,0,1,0,0,0,0
489,2156,caws普攻,50,0,0,0,0,1,100,15,0,0,0,1,1,0,0,0,0,0,0,0,0,0,0,1,0,0,0,0
490,2157,狙击妖精-改2,0,*101,0,0,0,0,100,15,0,0,0,0,0,0,7966:1,0,0,100,0,0,0,0,0,1,0,0,1000004385,0
491,2158,狙击妖精-改3,0,*101,0,0,0,0,100,15,0,0,0,0,0,0,7966:1,0,0,100,0,0,0,0,0,1,0,0,1000004386,0
492,2159,狙击妖精-改4,0,*101,0,0,0,0,100,15,0,0,0,0,0,0,7966:1,0,0,100,0,0,0,0,0,1,0,0,1000004387,0
493,2160,狙击妖精-改5,0,*101,0,0,0,0,100,15,0,0,0,0,0,0,7966:1,0,0,100,0,0,0,0,0,1,0,0,1000004388,0
494,2161,狙击妖精-改6,0,*101,0,0,0,0,100,15,0,0,0,0,0,0,7966:1,0,0,100,0,0,0,0,0,1,0,0,1000004389,0
495,2162,狙击妖精-改7,0,*101,0,0,0,0,100,15,0,0,0,0,0,0,7966:1,0,0,100,0,0,0,0,0,1,0,0,1000004390,0
496,2163,狙击妖精-改8,0,*101,0,0,0,0,100,15,0,0,0,0,0,0,7966:1,0,0,100,0,0,0,0,0,1,0,0,1000004391,0
497,2164,狙击妖精-改9,0,*101,0,0,0,0,100,15,0,0,0,0,0,0,7966:1,0,0,100,0,0,0,0,0,1,0,0,1000004392,0
498,2165,狙击妖精-改10,0,*101,0,0,0,0,100,15,0,0,0,0,0,0,7966:1,0,0,100,0,0,0,0,0,1,0,0,1000004393,0
499,2166,火箭妖精-改1,0,*101,0,0,0,0,100,15,0,0,0,0,0,0,0,0,0,0,0,0,0,0,0,1,0,0,1000004395,0
500,2167,火箭妖精-改2,0,*101,0,0,0,0,100,15,0,0,0,0,0,0,0,0,0,0,0,0,0,0,0,1,0,0,1000004395,0
501,2168,火箭妖精-改3,0,*101,0,0,0,0,100,15,0,0,0,0,0,0,0,0,0,0,0,0,0,0,0,1,0,0,1000004395,0
502,2169,火箭妖精-改4,0,*101,0,0,0,0,100,15,0,0,0,0,0,0,0,0,0,0,0,0,0,0,0,1,0,0,1000004395,0
503,2170,火箭妖精-改5,0,*101,0,0,0,0,100,15,0,0,0,0,0,0,0,0,0,0,0,0,0,0,0,1,0,0,1000004395,0
504,2171,火箭妖精-改6,0,*101,0,0,0,0,100,15,0,0,0,0,0,0,0,0,0,0,0,0,0,0,0,1,0,0,1000004395,0
505,2172,火箭妖精-改7,0,*101,0,0,0,0,100,15,0,0,0,0,0,0,0,0,0,0,0,0,0,0,0,1,0,0,1000004395,0
506,2173,火箭妖精-改8,0,*101,0,0,0,0,100,15,0,0,0,0,0,0,0,0,0,0,0,0,0,0,0,1,0,0,1000004395,0
507,2174,火箭妖精-改9,0,*101,0,0,0,0,100,15,0,0,0,0,0,0,0,0,0,0,0,0,0,0,0,1,0,0,1000004395,0
508,2175,火箭妖精-改10,0,*101,0,0,0,0,100,15,0,0,0,0,0,0,0,0,0,0,0,0,0,0,0,1,0,0,1000004395,0
509,2176,芮诺子弹1,*201,0,0,0,0,1,100,15,0,0,0,1,1,0,0,0,0,0,0,0,0,0,0,1,0,0,0,0
510,2177,芮诺子弹2,*201,0,0,0,0,1,100,15,0,0,0,1,1,0,0,0,0,0,0,0,0,0,0,1,0,0,0,0
511,2178,芮诺子弹3,*201,0,0,0,0,1,100,15,0,0,0,1,1,0,0,0,0,0,0,0,0,0,0,1,0,0,0,0
512,2179,芮诺子弹4,*201,0,0,0,0,1,100,15,0,0,0,1,1,0,0,0,0,0,0,0,0,0,0,1,0,0,0,0
513,2180,芮诺子弹5,*201,0,0,0,0,1,100,15,0,0,0,1,1,0,0,0,0,0,0,0,0,0,0,1,0,0,0,0
514,2181,芮诺子弹6,*201,0,0,0,0,1,100,15,0,0,0,1,1,0,0,0,0,0,0,0,0,0,0,1,0,0,0,0
515,2182,TFQ子弹,100,0,0,0,0,1,100,15,0,0,0,1000004421,1,0,0,0,0,0,0,0,0,0,0,1,0,0,0,0
516,2183,PPQ判定子弹,0,0,0,0,0,0,100,0,0,0,0,0,0,0,"1000004426:1,1000004427:1,1000004428:1,1000004429:1",0,0,100,0,0,0,0,0,1,0,0,0,0
517,2184,圣破抛射伤害,*203,0,0,0,0,0,0,15,0,0,1,0,0,0,"8036:1,8037:2,8038:2,8033:2",0,0,100,0,0,0,0,0,1,0,0,1000004439,0
518,2185,圣破冲击伤害近,*203,0,0,0,0,0,0,15,0,0,1,0,0,0,"8036:1,8037:4,8038:4,8033:4",0,0,100,0,0,0,0,0,1,0,0,1000004439,0
519,2186,圣破冲击伤害中,*204,0,0,0,0,0,0,15,0,0,1,0,0,0,"8036:1,8037:2,8038:2,8033:2",0,0,100,0,0,0,0,0,1,0,0,1000004439,0
520,2187,圣破冲击伤害远,*205,0,0,0,0,0,0,15,0,0,1,0,0,0,"8036:1,8037:1,8038:1,8033:1",0,0,100,0,0,0,0,0,1,0,0,1000004439,0
521,2188,圣破精准伤害,*203,0,0,0,0,0,0,15,0,0,0,0,0,0,"8036:1,8037:1,8038:1,8033:1",0,0,100,0,0,0,0,0,1,0,0,1000004439,0
522,2189,姜饼护盾,0,0,0,0,0,1,100,0,0,0,0,0,0,0,0,0,0,100,0,0,0,0,0,1,0,0,0,0
523,2190,姜饼受寒标记,0,0,0,0,0,1,100,0,0,0,0,0,0,0,1000004440:1,0,0,100,0,0,0,0,0,1,0,0,0,0
524,2191,姜饼受寒层数,0,0,0,0,0,1,100,0,0,0,0,0,0,0,8049:1,0,0,100,0,0,0,0,0,1,0,0,0,0
525,2192,破坏者单发榴弹伤害,*201,0,0,0,0,1,100,15,0,0,1,1,0,0,0,0,0,0,0,0,0,0,0,1,0,0,1000004439,0
526,2193,xm8伤害子弹,*201,0,0,0,0,0,100,0,0,0,0,0,0,0,8084:1,0,0,100,0,0,0,0,0,1,0,0,0,0
527,2194,an94改普通攻击,100,0,0,0,0,1,100,15,0,0,0,1,1,0,8126:1,8096:1,0,100,0,0,0,0,0,1,0,0,0,0
528,2195,人偶扳机激活,*201,0,0,0,0,1,100,15,0,0,0,1,1,0,8126:1,8096:1,0,100,0,0,0,0,0,1,0,0,0,0
529,2196,an94二技能额外暴击,*201,*101,0,0,0,1,100,15,0,0,0,0,1,0,0,0,0,0,0,0,0,0,0,1,0,0,0,0
530,2197,ppsh榴弹,*201,0,0,0,0,0,100,15,0,0,1,0,0,0,0,0,0,0,0,0,0,0,0,1,0,0,0,0
531,2198,ak15监视子弹,0,0,0,0,0,0,100,0,0,0,0,0,0,0,0,8112:1,0,100,0,0,0,0,0,1,0,0,0,0
532,2199,ak15复仇子弹,*201,0,0,0,0,0,100,15,0,0,1,0,0,0,8163:1,8096:1,0,100,0,0,0,0,0,1,0,100,0,0
533,2200,手榴弹反馈子弹,0,0,0,0,0,0,100,15,0,0,0,0,0,0,0,8102:1,0,100,0,0,0,0,0,1,0,0,0,0
534,2201,尼梅兰光球,20,0,0,0,0,1,100,15,0,0,0,1,1,0,"8133:1,8134:1",0,0,100,0,0,0,0,0,1,0,0,0,0
535,2202,尼梅兰三技能光球,100,0,0,0,0,1,100,15,0,0,1,0,0,0,0,0,0,0,0,0,0,0,0,1,0,0,0,0
536,2203,xm8榴弹,0,0,0,0,0,0,100,15,0,0,0,0,0,0,0,8079:-1,0,100,0,0,0,0,0,1,0,0,0,0
537,2204,尼梅兰一技能,20,0,0,0,0,0,100,15,0,0,0,0,1,0,0,0,0,0,0,0,0,0,0,1,0,0,0,0
538,2205,ak12普通攻击,100,0,0,0,0,1,100,15,0,0,0,1,1,0,8161:1,8096:1,0,100,0,0,0,0,0,1,0,0,0,0
539,2206,ak15ex攻击40,40,0,0,0,0,1,100,15,0,0,0,1,1,0,"8162:1,8163:1",8096:1,0,100,0,0,0,0,0,1,0,0,0,0
540,2207,ak15普通攻击,100,0,0,0,0,1,100,15,0,0,0,1,1,0,"8162:1,8163:1",8096:1,0,100,0,0,0,0,0,1,0,0,0,0
541,2208,rpk普通攻击,100,0,0,0,0,1,100,15,0,0,0,1,1,0,8164:1,8096:1,0,100,0,0,0,0,0,1,0,0,0,0
542,2209,RPK机枪普通攻击,100,0,0,0,0,1,100,15,0,0,0,1,1,0,8164:1,8096:1,0,100,0,0,0,0,0,1,0,0,0,0
543,2210,狙击cz75范围,*202,0,0,0,0,0,100,15,0,0,0,0,0,0,0,0,0,0,0,0,0,0,0,1,0,0,0,0
544,2211,猎手攻击,*201,0,0,0,0,1,100,15,0,0,0,1,1,0,0,0,0,0,0,0,0,0,0,1,0,1000004520,1000004491,0
545,2212,猎手EX攻击,*201,0,0,0,0,1,100,15,0,0,0,0,1,0,0,0,0,0,0,0,0,0,0,1,0,1000004520,1000004521,0
546,2213,猎手蔷薇伤害,0,100,0,0,0,0,100,0,0,0,0,0,0,0,1000004522:1,0,0,100,0,0,0,0,0,1,1000004492,0,1000004490,0
547,2214,猎手蔷薇标记,0,0,0,0,0,0,0,0,0,0,0,0,0,0,"1000004493:1,1000004494:1,1000004495:1",0,0,100,0,0,0,0,0,1,0,0,0,0
548,2215,僵尸新娘buff,0,0,0,0,0,0,0,0,0,0,0,0,0,0,"8214:1000004519,8215:1000004519",0,0,100,0,0,0,0,0,1,0,0,0,0
549,2216,scr二号枪攻击,100,0,0,0,0,1,100,15,0,0,0,0,1,0,0,0,0,0,0,0,0,0,0,1,0,0,0,0
550,2217,魔犬二技能攻击/普攻,*202,0,0,0,0,1,100,15,0,0,0,1,1,0,0,0,0,0,0,0,0,0,0,1,0,0,0,0
551,2218,魔犬二榴弹伤害,*201,0,0,0,0,0,100,15,0,0,1,0,0,0,0,0,0,0,0,0,0,0,0,1,0,0,0,0
552,2219,魔犬一导弹伤害,*202,0,0,0,0,0,100,15,0,0,0,0,1,0,0,0,0,0,0,0,0,0,0,1,0,0,0,0
553,2220,魔犬一激光伤害,*203,0,0,0,0,0,100,15,0,0,1,0,0,0,0,0,0,0,0,0,0,0,0,1,0,0,0,0
554,2221,魔犬普攻,50,0,0,0,0,1,100,15,0,0,0,1,1,0,0,0,0,0,0,0,0,0,0,1,0,0,0,0
555,2222,mg3普通sp攻击,100,0,0,0,0,1,100,15,0,0,0,1,1,0,0,0,0,0,0,0,0,0,0,1,0,100,0,0
556,2223,obr普通攻击,100,0,0,0,0,1,100,15,0,0,0,1,1,0,1000004548:1,0,0,100,0,0,0,0,0,1,0,0,0,0
557,2224,obr匕首伤害,*201,0,0,0,0,0,0,0,0,0,0,0,0,0,0,0,0,100,0,0,0,0,0,1,0,100,0,0
558,2225,obr匕首减掉,0,0,0,0,0,0,0,0,0,0,0,0,0,0,"1000004562:1,8275:-99",0,0,100,0,0,0,0,0,1,0,0,0,0
559,2226,obr普通攻击辅助,0,0,0,0,0,0,0,0,0,0,0,0,0,0,0,1000004560:1,0,100,0,0,0,0,0,1,0,0,0,0
560,2227,普通攻击,100,0,0,0,0,1,100,15,0,0,0,1,1000004566,0,0,0,0,0,0,0,0,0,0,1,0,0,0,0
561,2228,水白一技能伤害,*201,0,0,0,0,0,100,15,0,0,1,0,0,0,0,0,0,0,0,0,0,0,0,1,0,0,0,0
562,2229,水白一技能解析伤害,*201,0,0,0,0,0,100,15,0,0,1,0,0,0,0,0,0,0,0,0,0,0,0,1,0,0,0,0
563,2230,水白普攻,*201,0,0,0,0,1,100,15,0,0,0,1,1,0,0,0,0,0,0,0,0,0,0,1,0,0,0,0
564,2231,水白溅射,*201,0,0,0,0,1,100,15,0,0,0,0,1,0,0,0,0,0,0,0,0,0,0,1,0,0,0,0
565,2232,水白二技能范围,*202,0,0,0,0,0,0,0,0,0,1,0,0,0,"8306:1,8347:1",0,0,100,0,0,0,0,0,1,0,0,0,0
566,2233,水白斩杀伤害,*201,0,0,0,0,0,100,0,0,0,0,0,0,0,0,0,0,0,0,0,0,0,0,1,1,100,0,0
567,2234,水白特殊普攻,*201,0,0,0,0,1,100,15,0,0,0,1,1,0,0,0,0,0,0,0,0,0,0,1,0,0,0,0
568,2235,相位子弹,0,0,0,0,0,0,0,0,0,0,0,0,0,0,0,8344:1,0,100,0,0,0,0,0,1,0,0,0,0
569,2330,起源弹新,*202,0,432,0,0,0,100,15,0,0,0,0,0,0,2432:1,0,0,100,0,0,0,0,0,1,0,0,0,0
570,2479,显示消buff,0,0,0,0,0,0,0,0,0,0,0,0,0,0,0,"3302:-10,3303:-10,3301:1",0,100,0,0,0,0,0,1,0,0,0,0
571,2480,妖精海浪,0,0,0,0,2,0,0,0,0,0,0,0,0,99,0,0,0,100,0,900166,0,0,0,1,0,0,0,0
572,2481,海浪buff,0,0,0,0,0,0,0,0,0,0,0,0,0,0,"3417:1,3418:1",0,0,100,0,0,0,0,0,1,0,0,0,0
573,2482,转化盾判定,0,0,0,0,0,0,0,0,0,0,0,0,0,0,"1000003162:1,3425:-1",0,0,100,0,0,0,0,0,1,0,0,0,0
574,2483,双生伤害,0,*101,0,0,0,0,100,15,0,0,1,0,0,0,0,0,0,0,0,0,0,0,0,1,0,0,0,0
575,2484,双生伤害,0,*101,0,0,0,0,100,15,0,0,0,0,0,0,0,0,0,0,0,0,0,0,0,1,0,0,0,0
576,2485,鹗伤害,0,*101,0,0,0,0,100,15,0,0,1,0,0,0,0,0,0,0,0,0,0,0,0,1,0,0,0,0
577,2486,鹗伤害大,0,*102,0,0,0,0,100,15,0,0,1,0,0,0,0,0,0,0,0,0,0,0,0,1,0,0,0,0
578,2487,显示消buff2,0,0,0,0,0,0,0,0,0,0,0,0,0,0,0,"3302:-10,3304:-5,3305:-5,3306:-5,3308:1",0,100,0,0,0,0,0,1,0,0,0,0
579,2494,霰弹枪普通攻击,*101,0,0,0,2,1,100,15,0,0,0,1,1,5,0,0,0,0,100,500101,0,0,0,1,0,0,0,0
580,2495,霰弹枪蓄力伤害,*101,0,0,0,0,1,100,15,0,0,0,0,1,0,0,0,0,100,0,0,0,0,0,1,0,0,0,0
581,2496,斯金攻击,100,0,0,0,0,1,100,15,0,0,0,1,1,0,1000003248:1,0,0,100,0,0,0,0,0,1,0,0,0,0
582,2497,423效果,0,0,0,0,0,0,100,0,0,0,0,0,0,0,0,576:1,0,100,0,0,0,0,0,1,0,0,0,0
583,2498,普通攻击,*101,0,0,0,0,1,100,15,0,0,0,1,1,0,3477:1,0,0,100,0,0,0,0,0,1,0,0,0,0
584,2499,debuff判定,0,0,0,0,0,0,0,0,0,0,0,0,0,0,"1000003270:1,1000003271:1",0,0,100,0,0,0,0,0,1,0,0,0,0
585,2500,debuff判定7,0,0,0,0,0,0,0,0,0,0,0,0,0,0,"1000003272:1,1000003273:1",0,0,100,0,0,0,0,0,1,0,0,0,0
586,2501,debuff判定6,0,0,0,0,0,0,0,0,0,0,0,0,0,0,"1000003274:1,1000003275:1",0,0,100,0,0,0,0,0,1,0,0,0,0
587,2502,debuff判定5,0,0,0,0,0,0,0,0,0,0,0,0,0,0,"1000003276:1,1000003277:1",0,0,100,0,0,0,0,0,1,0,0,0,0
588,2503,debuff判定4,0,0,0,0,0,0,0,0,0,0,0,0,0,0,"1000003278:1,1000003279:1",0,0,100,0,0,0,0,0,1,0,0,0,0
589,2504,debuff判定3,0,0,0,0,0,0,0,0,0,0,0,0,0,0,"1000003280:1,1000003281:1",0,0,100,0,0,0,0,0,1,0,0,0,0
590,2506,coeus5段,30,0,0,0,0,1,100,15,0,0,0,1,1,0,0,0,0,100,0,0,0,0,0,1,0,0,0,0
591,2507,coeus瞄准,100,0,0,0,0,1,100,15,0,0,1,1,1,0,0,0,0,0,0,0,0,0,0,1,0,0,0,0
592,2508,coeus瞄准二段,40,0,0,0,0,1,100,15,0,0,1,1,1,0,0,0,0,0,0,0,0,0,0,1,0,0,0,0
593,2509,换色鹿必中,100,0,0,0,0,1,100,15,0,0,0,0,1,0,0,0,0,100,0,0,0,0,0,1,0,0,0,0
594,2510,心智冲击伤害,*103,0,0,0,0,0,100,20,0,0,1,0,0,0,0,0,0,0,0,0,0,0,0,1,0,0,0,0
595,2511,稻草人子弹-all,40,0,0,0,0,1,100,15,0,0,0,1,1,0,"1000013310:1,1000013311:1",3600:1,0,100,0,0,0,0,0,1,0,0,0,0
596,2512,ak15ex攻击40,40,0,0,0,0,1,100,15,0,0,0,1,1,0,0,0,0,100,0,0,0,0,0,1,0,0,0,0
597,2513,持续空袭,*101,0,0,0,0,0,100,15,0,0,1,0,1,0,0,0,0,0,0,0,0,0,0,1,0,0,0,0
598,2514,kratosEX伤害,60,0,0,0,0,1,100,15,0,0,0,1,1,0,0,0,0,0,0,0,0,0,0,1,0,0,0,0
599,2515,kratos普通,50,0,0,0,0,1,100,15,0,0,0,1,0,0,0,0,0,100,0,0,0,0,0,1,0,0,0,0
600,2516,89攻击,*101,0,0,0,0,1,100,15,0,0,0,1,1,0,3577:1,0,0,100,0,0,0,0,0,1,0,0,0,0
601,2517,干扰者子弹-all,100,0,0,0,0,1,100,15,0,0,0,1,1,0,"3616:1,1000003329:1",0,0,100,0,0,0,0,0,1,0,0,0,0
602,2518,猎手攻击,*101,0,0,0,0,1,100,15,0,0,0,1,1,0,0,"3732:-1,3620:-99",1,100,0,0,0,0,0,1,0,0,1000003374,0
603,2519,猎手暴击增加,0,0,0,0,0,0,0,0,0,0,0,0,0,0,0,"1000003390:1,3732:1",0,100,0,0,0,0,0,1,0,0,0,0
604,2520,稻草人大招子弹-all,*102,0,0,0,0,1,100,15,0,0,0,0,1,0,"1000013310:1,1000013311:1",3600:1,0,100,0,0,0,0,0,1,0,0,0,0
605,2521,m16对眩晕,50,0,0,0,0,1,100,15,0,0,0,0,0,0,0,0,0,100,0,0,0,0,0,1,0,0,0,0
606,2522,榴弹,*101,0,0,0,0,0,100,15,0,0,0,0,0,0,0,0,0,0,0,0,0,0,0,1,0,0,0,0
607,2523,燃烧伤害,*101,0,0,0,0,0,100,15,0,0,0,0,0,0,0,0,0,0,0,0,0,0,0,1,0,0,0,0
608,2524,残兽普攻,*102,0,0,0,0,1,100,15,0,0,0,1,1,0,0,"3712:-20,3714:-20",0,100,0,0,0,0,0,1,0,0,1000003351,0
609,2525,建筑师核爆中心,*102,0,0,0,0,0,100,15,0,0,1,1,1,0,0,0,0,0,0,0,0,0,0,1,0,0,0,0
610,2526,普通攻击101版本,*101,0,0,0,0,1,100,15,0,0,0,1,1,0,0,0,0,100,0,0,0,0,0,1,0,0,0,0
611,2527,钢狮伤害,100,0,0,0,0,1,100,15,0,0,0,1,1,0,0,0,0,100,0,0,0,0,0,1,0,0,1000003356,0
612,2528,钢狮标记,0,0,0,0,0,2,0,0,0,0,0,0,0,0,372301:1,0,0,100,0,0,0,0,0,1,0,0,0,0
613,2530,ksvk常驻范围伤害,*201,0,0,0,0,0,100,15,0,0,0,0,0,0,0,0,0,0,0,0,0,0,0,1,0,0,0,0
614,2531,强无敌扫射伤害,*101,0,0,0,0,1,100,15,0,0,1,1,1,0,0,0,0,0,0,0,0,0,0,1,0,0,0,0
615,2532,qwd普通攻击,50,0,0,0,0,1,100,15,0,0,0,1,1,0,0,0,0,0,0,0,0,0,0,1,0,0,0,0
616,2533,TBK普通攻击,*101,0,0,0,0,1,100,15,0,0,0,1,1,0,0,0,0,0,0,0,0,0,0,1,0,0,0,0
617,2535,兵蚁冲撞攻击,*101,0,0,0,0,1,100,15,0,0,0,1,1,0,0,0,0,100,0,0,0,0,0,1,0,0,0,0
618,2536,干扰者召唤专精,0,0,0,0,0,0,0,0,0,0,0,0,0,0,"1000003507:1,1000003508:1,1000003522:1",0,0,100,0,0,0,0,0,1,0,0,0,0
619,2539,****,*202,0,0,0,0,1,100,15,0,0,0,0,0,0,0,0,0,100,0,0,0,0,0,1,0,0,0,0
620,2548,破坏者单发榴弹伤害,*201,0,0,0,0,1,100,15,0,0,1,1,0,0,0,0,0,0,0,0,0,0,0,1,0,0,0,0
621,2549,精英破坏者导弹,*201,0,0,0,0,0,100,15,0,0,1,0,0,0,0,0,0,0,0,0,0,0,0,1,0,0,0,0
622,2550,劫豹普攻_爆炸伤害,*201,0,0,0,0,1,100,15,0,0,0,1,1,0,0,0,0,0,0,0,0,0,0,1,0,0,0,0
623,2551,护卫必中,*201,0,0,0,0,1,100,15,0,0,0,0,1,0,0,0,0,0,0,0,0,0,0,1,0,0,0,0
624,2552,破坏者支援,*201,0,0,0,0,0,100,15,0,0,1,1,1,0,0,0,0,100,0,0,0,0,0,1,0,0,0,0
625,2553,护卫者P护盾前判定,0,0,0,0,0,0,0,0,0,0,0,0,0,0,"1000003537:1,1000003538:1,3806:1",0,0,100,0,0,0,0,0,1,0,0,0,0
626,2554,****,*101,0,0,0,0,1,100,15,0,0,0,1,1,0,0,0,0,0,0,0,0,0,0,1,0,0,0,0
627,2555,额外,*101,0,0,0,0,0,100,15,0,0,1,0,1,0,0,0,0,0,0,0,0,0,0,1,0,0,0,0
628,2556,建筑师单发攻击,25,0,0,0,0,1,100,15,0,0,0,1,1,0,0,0,0,0,0,0,0,0,0,1,0,0,0,0
629,2557,建筑师支援伤害,*201,0,0,0,0,0,100,15,0,0,1,1,1,0,0,0,0,100,0,0,0,0,*202,1,100,0,0,0
630,2558,建筑师中心伤害,*201,0,0,0,0,0,100,15,0,0,1,0,1,0,0,0,0,100,0,0,0,0,0,1,0,0,0,0
631,2559,建筑师广域伤害,*202,0,0,0,0,0,100,15,0,0,1,1,1,0,0,0,0,100,0,0,0,0,0,1,0,0,1000003551,0
632,2560,建筑ex爆额外,*101,0,0,0,0,0,100,15,0,0,1,0,1,0,0,0,0,0,0,0,0,0,0,1,0,0,1000003551,0
633,2561,Boss狙击,150,0,0,0,0,0,100,15,0,0,1,0,0,0,3825:-1,0,0,100,0,0,0,0,0,1,0,0,0,0
634,2565,Tra刀伤害,200,0,0,0,0,1,100,15,0,0,0,1,1,0,0,0,0,0,0,0,0,0,0,1,0,0,0,0
635,2570,SACR攻击,100,0,0,0,0,1,100,15,0,0,0,1,1,0,0,0,0,0,0,0,0,0,0,1,0,0,1000003564,0
636,2571,队长队员判断,0,0,0,0,0,0,0,0,0,0,0,0,0,0,"1000003566:1,1000003567:1",0,0,100,0,0,0,0,0,1,0,0,0,0
637,2575,***,100,0,0,0,0,1,100,15,0,0,0,1,1,0,0,0,0,0,0,0,0,0,0,1,0,0,1000003570,0
638,2576,衔尾蛇攻击_暴击易伤,50,0,0,0,0,1,100,15,0,0,0,1,1,0,3850:1,0,1,100,0,0,0,0,0,1,0,0,0,0
639,2577,xws大招伤害,*102,0,0,0,0,1,100,15,0,0,1,1,1,0,3850:1,0,1,100,0,0,0,0,0,1,0,0,0,0
640,2578,***,100,0,0,0,0,1,100,15,0,0,0,1,1,0,"385503:1,385504:1,386505:1",0,0,100,0,0,0,0,0,1,0,0,0,0
641,2579,***,0,0,0,0,0,0,0,0,0,0,0,0,0,0,"3869:1,3870:1",0,0,100,0,0,0,0,0,1,0,0,0,0
642,2580,***,50,0,0,0,0,1,100,15,0,0,0,1,1,0,0,0,0,0,0,0,0,0,0,1,0,0,0,0
643,2581,ss技能狙,0,0,0,0,0,0,0,0,0,0,0,0,0,0,3885:1000003658,0,0,100,0,0,0,0,0,1,0,0,0,0
644,2582,ss改普通攻击,100,0,0,0,0,1,100,15,0,0,0,1,1,0,0,0,0,0,0,0,0,0,0,1,0,0,1000003643,0
645,2583,ss技能狙击,*201,0,0,0,0,0,100,15,0,0,0,0,0,0,0,0,0,0,0,0,0,0,0,1,0,0,1000003643,0
646,2584,97减速伤害,100,0,0,0,2,1,100,15,0,0,0,1,1,10,1000003642:1,0,0,100,100,500101,0,0,0,1,0,0,0,0
647,2585,G11_逻辑,0,0,0,0,0,0,0,0,0,0,0,0,1,0,"1000003646:1,1000003645:1,1000003644:1000003662",0,0,100,0,0,0,0,0,1,0,100,1000003647,0
648,2586,G11_爆炸,0,0,0,0,0,0,0,0,0,0,0,0,0,0,"3882:-1,3881:-1,3880:-1","3882:-1,3881:-1,3880:-1",0,100,0,0,0,0,0,1,0,0,0,0
649,2587,ss改EX攻击,100,0,0,0,0,1,100,15,0,0,0,0,1,0,0,0,0,0,0,0,0,0,0,1,0,0,1000003643,0
650,2588,沙漠_队长位判断,0,0,0,0,0,0,0,0,0,0,0,0,0,0,"1000366301:1,1000366302:1,1000003663:1",0,0,100,0,0,0,0,0,1,0,0,0,0
651,2589,显示消buff2,0,0,0,0,0,0,0,0,0,0,0,0,0,0,0,"3892:-10,3308:1",0,100,0,0,0,0,0,1,0,0,0,0
652,2590,炼金术士大招必中,*101,0,0,0,0,1,100,15,0,0,0,0,1,0,3893:1,0,1,100,0,0,0,0,0,1,0,0,1000003681,0
653,2591,炼金术士SP范围必中,*101,0,0,0,0,1,100,15,0,0,0,0,1,0,3893:1,0,1,100,0,0,0,0,0,1,0,0,1000003681,0
654,2592,炼金普攻_近战必中,50,0,0,0,0,1,100,15,0,0,0,0,1,0,3893:1,0,1,100,0,0,0,0,0,1,0,0,1000003681,0
655,2593,炼金术士盾,0,0,0,0,0,0,0,0,0,0,0,0,0,0,0,0,0,0,0,0,0,0,0,1,0,0,0,0
656,2594,毒池伤害,0,0,0,0,0,0,0,0,0,0,0,0,0,0,0,0,0,0,0,0,0,0,0,1,0,0,1000003684,0
657,2596,安洁拳击,100,0,0,0,2,1,100,15,0,0,1,0,1,100,0,0,0,0,100,500101,0,0,0,1,0,0,0,0
658,2597,安洁拳击2,200,0,0,0,0,1,100,15,0,0,0,0,1,0,0,0,0,100,0,0,0,0,0,1,0,0,0,0
659,2600,弹道枪弹,*102,0,0,0,0,0,100,15,0,0,0,1,1,0,0,3911:1,0,100,0,0,0,0,0,1,0,0,0,0
660,2601,弹道枪已发射,0,0,0,0,0,0,0,0,0,0,0,0,0,0,0,3912:1,0,100,0,0,0,0,0,1,0,0,0,0
661,2602,SMAW中心,150,0,0,0,0,0,100,15,0,0,0,0,1,0,0,0,0,100,0,0,0,100,0,2,100,0,0,0
662,2603,SMAW范围,*201,0,0,0,0,0,100,15,0,0,1,1,1,0,0,0,0,100,0,0,0,100,0,2,100,0,0,0
663,2604,SMAW范围_必中,*201,0,0,0,0,0,100,15,0,0,1,0,1,0,0,0,0,100,0,0,0,100,0,2,100,0,0,0
664,2605,后置逻辑,0,0,0,0,0,0,0,0,0,0,0,0,0,0,0,3916:-1,0,100,0,0,0,0,0,1,0,0,0,0
665,2606,SMAW附加中心,*204,0,0,0,0,0,100,15,0,0,0,0,1,0,0,0,0,100,0,0,0,*201,0,2,100,0,0,0
666,2607,力场盾判定,0,0,0,0,0,0,0,0,0,0,0,0,0,0,1000003694:1,0,0,100,0,0,0,0,0,1,0,0,0,0
667,2608,无力场盾眩晕,*203,0,0,0,0,1,100,15,0,0,1,0,0,0,"1000003695:1,1000003696:1",0,0,100,0,0,0,0,0,1,0,0,0,0
668,2609,梦想家子弹_必中,*101,0,0,0,0,1,100,15,0,0,0,0,1,0,0,0,0,0,0,0,0,0,0,1,0,0,0,0
669,2610,梦想家子弹,*101,0,0,0,0,1,100,15,0,0,0,1,1,0,0,0,0,0,0,0,0,0,0,1,0,0,0,0
670,2611,梦想家大招伤害,*101,0,0,0,0,1,100,15,0,0,1,0,0,0,0,0,0,0,0,0,0,0,0,1,0,0,0,0
671,2612,梦想家狙击支援,*101,0,0,0,0,1,100,15,0,0,0,0,0,0,3932:1,0,0,100,0,0,0,0,0,1,0,0,0,0
672,2613,特工H粘弹技能,0,0,0,0,0,0,0,0,0,0,0,0,0,0,"3951:1,395106:1,395108:1",0,0,100,0,0,0,0,0,1,0,0,0,0
673,2614,弹爆炸,*201,0,0,0,0,0,100,15,0,0,1,0,1,0,0,0,0,100,0,0,0,100,0,1,0,0,0,0
674,2615,计量官伤害,60,0,0,0,0,1,100,15,0,0,0,1,1,0,"3983:1,398301:1,398302:1,398303:1",0,0,30,0,0,0,0,0,1,0,0,0,0
675,2616,计量官大招一段,*102,0,0,0,0,0,100,15,0,0,0,0,0,0,0,0,0,0,0,0,0,0,0,1,0,0,0,0
676,2617,计量官大招二段,*103,0,0,0,0,0,100,15,0,0,0,0,1,0,0,0,0,0,0,0,0,0,0,1,0,100,0,0
677,2618,计量官引爆伤害,*101,0,0,0,0,0,100,15,0,0,0,0,0,0,0,0,0,0,0,0,0,0,0,1,0,100,1000003725,0
678,2619,自爆爆炸,*101,0,0,0,0,1,100,15,0,0,0,1,1,0,0,0,0,0,0,0,0,0,0,1,0,0,0,0
679,2620,自爆自伤,0,99999,0,0,0,1,100,0,0,0,0,0,0,0,0,0,0,0,0,0,0,0,0,1,0,0,0,0
680,2621,流血,100,0,0,0,0,1,100,15,0,0,0,1,1,0,0,0,0,0,0,0,0,0,0,1,0,0,0,0
681,2622,流血伤害,10,0,0,0,0,1,100,15,0,0,0,1,0,0,0,0,0,0,0,0,0,0,0,1,0,0,0,0
682,2623,小刀近战伤害,*101,0,0,0,0,1,100,15,0,0,0,0,1,0,0,0,0,0,0,0,0,0,0,1,0,0,0,0
683,2624,小刀大招,*101,0,0,0,0,0,100,15,0,0,0,0,1,0,0,0,0,0,0,0,0,0,0,1,0,100,0,0
684,2625,跑者霰弹伤害,*101,0,0,0,0,1,100,15,0,0,0,1,1,0,0,0,0,0,0,0,0,0,0,1,0,0,0,0
685,2626,警卫中心伤害,*101,0,0,0,0,1,100,15,0,0,1,0,1,0,0,0,0,0,0,0,0,0,0,1,0,0,0,0
686,2627,M6步枪伤害,100,0,0,0,0,1,100,15,0,0,0,1,1,0,0,0,0,0,0,0,0,0,0,1,0,0,0,0
687,2628,火炮台1段,50,0,0,0,0,1,100,15,0,0,1,1,1,0,0,0,0,0,0,0,0,0,0,1,0,0,0,0
688,2629,电炮台1段,150,0,0,0,0,1,100,15,0,0,0,1,1,0,"7116:1,711601:1",0,0,100,0,0,0,0,0,1,0,0,0,0
689,2630,叛变中心,90,0,0,0,0,1,100,15,0,0,0,0,0,0,0,0,0,0,0,0,0,0,0,1,0,0,0,0
690,2631,子弹伤害,0,0,0,0,0,0,0,0,0,0,0,0,0,0,0,0,0,0,0,0,0,0,0,1,0,0,1,0
691,2632,爆炸物伤害,0,0,0,0,0,0,0,0,0,0,0,0,0,0,0,0,0,0,0,0,0,0,0,1,0,0,5,0
692,2635,416粘弹,*101,0,0,0,0,1,100,15,0,0,1,0,0,0,0,0,0,0,0,0,0,0,0,1,0,0,0,0
693,2636,法官大招伤害,*201,0,0,0,0,0,0,15,0,0,1,0,0,0,0,0,0,0,0,0,0,0,0,1,0,0,1000003790,0
694,2637,法官普攻伤害,*101,0,0,0,0,1,100,15,0,0,0,1,1,0,0,0,0,0,0,0,0,0,0,1,0,0,0,0
695,2638,法官判定,0,0,0,0,0,0,0,0,0,0,0,0,0,0,"7145:1,1000003796:1,1000003797:1",0,0,100,0,0,0,0,0,1,0,0,0,0
696,2639,痛击者额外,0,0,0,0,0,0,0,15,0,0,1,0,0,0,0,0,0,0,0,0,0,0,0,1,0,0,1000003804,0
697,2640,普通攻击Jia,100,0,0,0,0,1,100,15,0,0,0,1,1,0,0,0,0,0,0,0,0,0,0,1,0,0,0,0
698,2642,判定19,0,0,0,0,0,0,0,0,0,0,0,0,0,0,1000003812:1,0,0,100,0,0,0,0,0,1,0,0,0,0
699,2643,97二技能,*101,0,0,0,0,1,100,15,0,0,0,1,1,0,0,0,0,0,0,0,0,0,0,1,0,0,1000003815,0
700,2644,普通攻击,25,0,0,0,0,1,100,15,0,0,0,1,1,0,0,0,0,0,0,0,0,0,0,1,0,0,0,0
701,2645,亡语加成逻辑,0,0,0,0,0,0,0,0,0,0,0,0,0,0,"1000003831:1,1000383101:1",0,0,100,0,0,0,0,0,1,0,0,0,0
702,2646,SV普通攻击,100,0,0,0,0,1,100,15,0,0,0,1,1,0,0,0,0,100,0,0,0,0,0,1,0,0,0,0
703,2648,普通攻击,*101,0,0,0,0,1,100,15,0,0,0,1,1,0,0,0,0,0,0,0,0,0,0,1,0,0,0,0
704,2649,80攻击,100,0,0,0,0,1,100,15,0,0,0,1,1,0,0,0,0,0,0,0,0,0,0,1,0,0,1000003851,0
705,2650,板砖伤害,200,0,0,0,0,1,100,15,0,0,0,0,1,0,0,0,0,0,0,0,0,0,0,1,0,0,0,0
706,2651,白刀伤害1,200,0,0,0,0,1,100,15,0,0,0,1,1,0,0,0,0,0,0,0,0,0,0,1,0,0,0,0
707,2652,白飞机伤害,100,0,0,0,0,1,100,15,0,0,0,1,0,0,7189:1,0,0,100,0,0,0,0,0,1,0,0,1000003934,0
708,2653,ZXL攻击1,*101,0,0,0,0,1,100,15,0,0,0,1,1,0,719101:1,0,0,100,0,0,0,0,0,1,0,0,0,0
709,2654,ZXL攻击1,*101,0,0,0,0,1,100,15,0,0,0,0,1,0,719101:1,0,0,100,0,0,0,0,0,1,0,0,0,0
710,2655,猎枪判定,0,0,0,0,0,0,0,0,0,0,0,0,0,0,719202:1,7195:1000003944,0,100,0,0,0,0,0,1,0,0,0,0
711,2656,A:扫射,*201,0,0,0,0,1,100,15,0,0,0,1,1,0,719601:1,0,0,100,0,0,0,0,0,1,0,0,0,0
712,2657,B:对单体,*201,0,0,0,0,1,100,15,0,0,0,1,1,0,719701:1,0,0,100,0,0,0,0,0,1,0,0,0,0
713,2658,蜘蛛分摊,0,0,0,0,0,0,0,0,0,0,0,0,0,0,740602:-1,0,0,100,0,0,0,0,0,1,0,0,1000003950,0
714,2659,飞刃伤害,50,0,0,0,0,1,100,15,0,0,0,1,1,0,0,0,0,0,0,0,0,0,0,1,0,0,0,0
715,2660,肉鸽普攻,*101,0,0,0,0,1,100,0,0,0,0,0,1,0,"1000387705:1,1000387804:1","72008:1,1000003871:1,1000387714:1",0,100,0,0,0,0,0,1,0,0,1000003861,0
716,2661,肉鸽投掷,*101,0,0,0,0,1,100,0,0,0,0,0,1,0,0,1000387301:1,1,100,0,0,0,0,0,1,0,0,1000003865,0
717,2662,燃烧结算,*101,0,0,0,0,0,0,0,0,0,0,0,1,0,0,0,0,100,0,0,0,0,0,1,0,0,0,0
718,2663,电子结算,*101,0,0,0,0,0,0,0,0,0,0,0,1,0,0,0,0,100,0,0,0,0,0,1,0,0,1000003879,0
719,2664,肉鸽敌方普攻,100,0,0,0,0,0,0,0,0,0,0,0,1,0,0,0,0,100,0,0,0,0,0,1,0,0,0,0
720,2670,NXS999,0,0,0,0,0,0,0,0,0,0,0,0,0,0,0,0,0,100,0,0,0,0,0,1,0,0,99999,0
721,2671,黑涅托普攻,100,0,0,0,0,1,100,15,0,0,1,1,1,0,7409:1,740908:1,3,100,0,0,0,0,0,1,0,0,1000003960,0
722,2672,黑白爆炸,*101,0,0,0,0,0,0,15,0,0,1,0,0,0,"7413:-1,7409:1000003958",0,0,100,0,0,0,0,0,1,0,0,1000003959,0
723,2673,狙击伤害,*201,0,0,0,0,0,0,15,0,0,1,0,0,0,7409:1,0,0,100,0,0,0,0,0,1,0,0,1000003959,0
724,2675,大力攻击,*101,0,0,0,0,1,100,15,0,0,0,1,1,0,0,0,0,0,0,0,0,0,0,1,0,0,0,0
725,2676,单体判定,0,0,0,0,0,0,0,0,0,0,0,0,0,0,"1000397401:1,1000397402:1,1000397403:1",0,0,100,0,0,0,0,0,1,0,0,0,0
726,2677,普通攻击,200,0,0,0,0,1,100,15,0,0,0,0,1,0,0,0,0,0,0,0,0,0,0,1,0,0,0,0
727,2678,普通攻击,100,0,0,0,0,1,100,15,0,0,0,1,1,0,742803:1,0,1,100,0,0,0,0,0,1,0,0,0,0
728,2679,普通攻击,*201,0,0,0,0,1,100,15,0,0,1,1,1,0,0,0,0,100,0,0,0,0,0,1,0,0,1000003351,0
729,2680,白涅托支援,*201,0,0,0,0,0,0,15,0,0,1,0,0,0,0,0,0,0,0,0,0,0,0,1,0,0,1000003959,0
730,12509,掷弹兵燃烧持续,5,0,0,0,0,0,100,15,0,0,0,0,0,0,0,0,0,0,0,0,0,0,0,1,0,0,0,0
731,26571,B:对单体,*201,0,0,0,0,1,100,15,0,0,0,0,1,0,719701:1,0,0,100,0,0,0,0,0,1,0,0,0,0
732,26791,白大招12段,*201,0,0,0,0,1,100,15,0,0,1,1,1,0,7413:1,0,0,100,0,0,0,0,0,1,0,0,1000003351,0
733,26792,白大招3段,*201,0,0,0,0,1,100,15,0,0,1,1,1,0,0,0,0,100,0,0,0,0,0,1,0,0,1000397606,0
734,26793,黑白爆炸_白,*101,0,0,0,0,0,0,15,0,0,1,0,0,0,"7413:-1,7409:-1",0,0,100,0,0,0,0,0,1,0,0,1000003959,0
735,34901,掷弹兵普攻,60,0,0,0,0,1,100,15,0,0,0,1,1,0,0,0,0,0,0,0,0,0,0,1,0,0,0,0
736,45801,沙漠之鹰,*201,0,0,0,0,1,100,15,0,0,0,1,1,0,0,0,0,0,0,0,0,0,0,1,0,50,0,0
737,52001,柯尔特防卫者击退,*201,0,0,0,2,1,100,15,0,0,0,0,1,5,0,0,0,0,100,500101,0,0,0,1,0,0,0,0
738,52101,柯尔特防卫者2,*201,0,0,0,0,1,100,15,0,0,0,0,1,0,0,0,0,0,0,0,0,0,0,1,0,0,0,0
739,60000,普通攻击,100,0,0,0,0,1,100,15,0,0,0,1,1,0,0,6002:-15,1,100,0,0,0,0,0,1,0,0,1000006000,0
740,60001,铁血爆炸伤害,*201,0,0,0,0,0,100,15,0,0,1,0,0,0,0,0,0,0,0,0,0,0,0,1,0,0,1000006001,0
741,60002,建筑师支援,*201,0,0,0,0,0,100,15,0,0,1,1,1,0,0,0,0,100,0,0,0,0,0,1,0,0,0,0
742,60003,刽子手枪攻击,*201,0,0,0,0,1,100,15,0,0,0,1,1,0,0,0,0,100,0,0,0,0,0,1,0,0,1000006002,0
743,60004,刽子手刀攻击,*201,0,0,0,0,1,100,15,0,0,0,1,0,0,0,0,0,100,0,0,0,0,0,1,0,0,1000006003,0
744,60005,建筑师中心伤害,*202,0,0,0,0,0,100,15,0,0,1,0,0,0,0,0,0,100,0,0,0,0,0,1,0,0,1000006001,0
745,60006,刽子手中心伤害1,*202,0,0,0,0,0,100,15,0,0,1,0,0,0,0,0,0,100,0,0,0,0,0,1,0,0,1000006004,0
746,60007,刽子手中心伤害2,*203,0,0,0,0,0,100,15,0,0,1,0,0,0,0,0,0,100,0,0,0,0,0,1,0,0,1000006004,0
747,60008,刽子手中心伤害3,*204,0,0,0,0,0,100,15,0,0,1,0,0,0,0,0,0,100,0,0,0,0,0,1,0,0,1000006004,0
748,217601,狙击妖精-改1,0,*101,0,0,0,0,100,15,0,0,0,0,0,0,7966:1,0,0,100,0,0,0,0,0,1,0,0,1000004384,0
749,251001,心智冲击伤害,*103,0,0,0,0,0,0,0,0,0,0,0,0,0,0,0,0,100,0,0,0,0,0,1,0,0,0,0
750,251801,拘束弹攻击,100,0,0,0,0,1,100,15,0,0,0,0,1,0,"3619:1,361901:1,361902:1,361903:1,361904:1",0,0,100,0,0,0,0,0,1,0,0,1000003374,0
751,251802,猎手大招攻击,*101,0,0,0,0,1,100,15,0,0,0,1,1,0,0,"3732:-1,3620:-99",1,100,0,0,0,0,0,1,0,0,1000003374,0
752,251901,猎手大招增加,0,0,0,0,0,0,0,0,0,0,0,0,0,0,362101:1,"1000003390:1,3732:1",0,100,0,0,0,0,0,1,0,0,0,0
753,252901,强无敌击退1,0,0,0,0,0,0,0,0,0,0,0,0,0,99,0,0,0,100,0,901619,0,0,0,1,0,0,0,0
754,252902,强无敌击退2,0,0,0,0,0,0,0,0,0,0,0,0,0,99,0,0,0,100,0,902619,0,0,0,1,0,0,0,0
755,252903,强无敌击退3,0,0,0,0,0,0,0,0,0,0,0,0,0,99,0,0,0,100,0,903619,0,0,0,1,0,0,0,0
756,252904,强无敌击退4,0,0,0,0,0,0,0,0,0,0,0,0,0,99,0,0,0,100,0,904619,0,0,0,1,0,0,0,0
757,252905,强无敌击退5,0,0,0,0,0,0,0,0,0,0,0,0,0,99,0,0,0,100,0,905619,0,0,0,1,0,0,0,0
758,252906,强无敌击退_非坚守,0,0,0,0,0,0,0,0,0,0,0,0,0,99,0,0,0,100,0,906619,0,0,0,1,0,0,0,0
759,252907,强无敌击退_非坚守,0,0,0,0,0,0,0,0,0,0,0,0,0,99,0,0,0,100,0,907619,0,0,0,1,0,0,0,0
760,252908,强无敌击退_非坚守,0,0,0,0,0,0,0,0,0,0,0,0,0,99,0,0,0,100,0,908619,0,0,0,1,0,0,0,0
761,252909,强无敌击退_非坚守,0,0,0,0,0,0,0,0,0,0,0,0,0,99,0,0,0,100,0,909619,0,0,0,1,0,0,0,0
762,252910,强无敌击退_非坚守,0,0,0,0,0,0,0,0,0,0,0,0,0,99,0,0,0,100,0,910619,0,0,0,1,0,0,0,0
763,259201,炼金术士远程攻击,50,0,0,0,0,1,100,15,0,0,0,1,1,0,3893:1,0,1,100,0,0,0,0,0,1,0,0,1000368101,0
764,260601,SMAW附加范围,*102,0,0,0,0,0,100,15,0,0,1,1,1,0,0,0,0,100,0,0,0,*201,0,2,100,0,0,0
765,261301,特工H粘弹技能_debuff,0,0,0,0,0,0,0,0,0,0,0,0,0,0,"395101:1,395107:1,395108:1",0,0,100,0,0,0,0,0,1,0,0,0,0
766,261302,特工H粘弹技能_LX,0,0,0,0,0,0,0,0,0,0,0,0,0,0,395108:-3,0,0,100,0,0,0,0,0,1,0,0,0,0
767,261501,计量官扫射伤害,60,0,0,0,0,1,100,15,0,0,0,1,1,0,"3983:1,398301:1,398302:1,398303:1",0,0,100,0,0,0,0,0,1,0,0,0,0
768,261601,计量官_逻辑,0,0,0,0,0,0,0,0,0,0,0,0,0,0,"3983:1,398301:1,398302:1,398303:1",0,0,100,0,0,0,0,0,1,0,0,0,0
769,261801,计量官引爆伤害,*101,0,0,0,0,0,100,15,0,0,0,0,0,0,0,0,0,0,0,0,0,0,0,1,0,100,1000003726,0
770,261802,计量官引爆伤害,*101,0,0,0,0,0,100,15,0,0,0,0,0,0,0,0,0,0,0,0,0,0,0,1,0,100,1000003727,0
771,262601,警卫中心周围伤害,*102,0,0,0,0,1,100,15,0,0,0,1,1,0,0,0,0,0,0,0,0,0,0,1,0,0,0,0
772,262801,火炮台燃烧,30,0,0,0,0,0,100,15,0,0,1,0,0,0,0,0,0,0,0,0,0,0,0,1,0,0,0,0
773,263001,叛变周围,60,0,0,0,0,1,100,15,0,0,0,1,1,0,0,0,0,0,0,0,0,0,0,1,0,0,0,0
774,263101,***,0,0,0,0,0,0,0,0,0,0,0,0,0,0,0,0,0,0,0,0,0,0,0,1,0,0,2,0
775,263102,***,0,0,0,0,0,0,0,0,0,0,0,0,0,0,0,0,0,0,0,0,0,0,0,1,0,0,10,0
776,263103,act敌方,0,0,0,0,0,0,0,0,0,0,0,0,0,0,712303:1,0,0,100,0,0,0,0,0,1,0,0,2,0
777,263104,彩蛋逻辑,0,0,0,0,0,0,0,0,0,0,0,0,0,0,1000003813:1,0,0,100,0,0,0,0,0,1,0,0,0,0
778,263105,***,0,0,0,0,0,0,0,0,0,0,0,0,0,0,0,0,0,0,0,0,0,0,0,1,0,0,3,0
779,263501,416周围,*101,0,0,0,0,1,100,15,0,0,0,1,1,0,0,0,0,0,0,0,0,0,0,1,0,0,0,0
780,263701,法官普攻EX伤害,0,0,0,0,0,0,0,15,0,0,1,0,0,0,0,0,0,0,0,0,0,0,0,1,0,0,1000003792,0
781,264201,判定M4,0,0,0,0,0,0,0,0,0,0,0,0,0,0,0,712:1,0,100,0,0,0,0,0,1,0,0,0,0
782,264301,判定97,0,0,0,0,0,0,0,0,0,0,0,0,0,0,7157:1,0,0,100,0,0,0,0,0,1,0,0,0,0
783,264401,普通攻击,0,0,0,0,0,0,0,0,0,0,0,0,0,0,"1000003827:1,1000382703:1,1000382704:1","1000382702:1,1000382701:-5",0,100,0,0,0,0,0,1,0,0,0,0
784,264501,亡语加成逻辑,0,0,0,0,0,0,0,0,0,0,0,0,0,0,"1000383102:1000383104,1000383103:1000383105",0,0,100,0,0,0,0,0,1,0,0,0,0
785,264502,亡语加成逻辑,0,0,0,0,0,0,0,0,0,0,0,0,0,0,0,717005:1,0,100,0,0,0,0,0,1,0,0,0,0
786,264601,真实伤害,0,0,0,0,0,0,0,0,0,0,0,0,0,0,0,0,0,0,0,0,0,0,0,1,0,100,1000003841,0
787,264901,80判定,0,0,0,0,0,0,0,0,0,0,0,0,0,0,718302:1,0,0,100,0,0,0,0,0,1,0,0,0,0
788,265101,白刀伤害2,100,0,0,0,0,1,100,15,0,0,0,1,1,0,0,0,0,0,0,0,0,0,0,1,0,0,0,0
789,265301,ZXL攻击2,*101,0,0,0,0,1,100,15,0,0,0,1,1,0,719102:1,0,0,100,0,0,0,0,0,1,0,0,0,0
790,265302,ZXL攻击_百分比5,0,0,0,0,0,0,0,0,0,0,0,0,0,0,"719101:-1,719102:-1,719105:1000003941",0,0,100,0,0,0,0,0,1,0,0,1000003938,0
791,265303,ZXL攻击_百分比4,0,0,0,0,0,0,0,0,0,0,0,0,0,0,"719101:-1,719102:-1,719105:1000003941",0,0,100,0,0,0,0,0,1,0,0,1000003939,0
792,265304,ZXL攻击_百分比3,0,0,0,0,0,0,0,0,0,0,0,0,0,0,"719101:-1,719102:-1,719105:1000003941",0,0,100,0,0,0,0,0,1,0,0,1000003940,0
793,265401,ZXL攻击2,*101,0,0,0,0,1,100,15,0,0,0,0,1,0,719102:1,0,0,100,0,0,0,0,0,1,0,0,0,0
794,265601,扫射判定,0,0,0,0,0,0,0,0,0,0,0,0,0,0,"37001:1,7199:1,719801:1",0,0,100,0,0,0,0,0,1,0,0,0,0
795,265602,扫射判定,0,0,0,0,0,0,0,0,0,0,0,0,0,0,"37001:1,7199:1,719802:1",0,0,100,0,0,0,0,0,1,0,0,0,0
796,265603,扫射判定,0,0,0,0,0,0,0,0,0,0,0,0,0,0,"37001:1,7199:1,719803:1",0,0,100,0,0,0,0,0,1,0,0,0,0
797,265604,扫射判定,0,0,0,0,0,0,0,0,0,0,0,0,0,0,"37001:1,7199:1,719804:1",0,0,100,0,0,0,0,0,1,0,0,0,0
798,265605,扫射判定,0,0,0,0,0,0,0,0,0,0,0,0,0,0,"37001:1,7199:1,719805:1",0,0,100,0,0,0,0,0,1,0,0,0,0
799,265606,扫射判定,0,0,0,0,0,0,0,0,0,0,0,0,0,0,"37001:1,7199:1,719806:1",0,0,100,0,0,0,0,0,1,0,0,0,0
800,265607,扫射判定,0,0,0,0,0,0,0,0,0,0,0,0,0,0,"37001:1,7199:1,719807:1",0,0,100,0,0,0,0,0,1,0,0,0,0
801,265608,扫射判定,0,0,0,0,0,0,0,0,0,0,0,0,0,0,"37001:1,7199:1,719808:1",0,0,100,0,0,0,0,0,1,0,0,0,0
802,265609,扫射判定,0,0,0,0,0,0,0,0,0,0,0,0,0,0,"37001:1,7199:1,719809:1",0,0,100,0,0,0,0,0,1,0,0,0,0
803,265610,扫射判定,0,0,0,0,0,0,0,0,0,0,0,0,0,0,"37001:1,7199:1,719810:1",0,0,100,0,0,0,0,0,1,0,0,0,0
804,265701,单体判定,0,0,0,0,0,0,0,0,0,0,0,0,0,0,"37001:1,7199:1,719801:1",0,0,100,0,0,0,0,0,1,0,0,0,0
805,265702,单体判定,0,0,0,0,0,0,0,0,0,0,0,0,0,0,"37001:1,7199:1,719802:1",0,0,100,0,0,0,0,0,1,0,0,0,0
806,265703,单体判定,0,0,0,0,0,0,0,0,0,0,0,0,0,0,"37001:1,7199:1,719803:1",0,0,100,0,0,0,0,0,1,0,0,0,0
807,265704,单体判定,0,0,0,0,0,0,0,0,0,0,0,0,0,0,"37001:1,7199:1,719804:1",0,0,100,0,0,0,0,0,1,0,0,0,0
808,265705,单体判定,0,0,0,0,0,0,0,0,0,0,0,0,0,0,"37001:1,7199:1,719805:1",0,0,100,0,0,0,0,0,1,0,0,0,0
809,265706,单体判定,0,0,0,0,0,0,0,0,0,0,0,0,0,0,"37001:1,7199:1,719806:1",0,0,100,0,0,0,0,0,1,0,0,0,0
810,265707,单体判定,0,0,0,0,0,0,0,0,0,0,0,0,0,0,"37001:1,7199:1,719807:1",0,0,100,0,0,0,0,0,1,0,0,0,0
811,265708,单体判定,0,0,0,0,0,0,0,0,0,0,0,0,0,0,"37001:1,7199:1,719808:1",0,0,100,0,0,0,0,0,1,0,0,0,0
812,265709,单体判定,0,0,0,0,0,0,0,0,0,0,0,0,0,0,"37001:1,7199:1,719809:1",0,0,100,0,0,0,0,0,1,0,0,0,0
813,265710,单体判定,0,0,0,0,0,0,0,0,0,0,0,0,0,0,"37001:1,7199:1,719810:1",0,0,100,0,0,0,0,0,1,0,0,0,0
814,265901,飞刃伤害EX,100,0,0,0,0,1,100,15,0,0,0,0,0,0,0,0,0,0,0,0,0,0,0,1,0,0,0,0
815,266001,肉鸽普攻_2倍爆伤,*101,0,0,0,0,1,200,0,0,0,0,0,1,0,"1000387705:1,1000387804:1","72008:1,1000003871:1,1000387714:1",0,100,0,0,0,0,0,1,0,0,1000003861,0
816,266101,肉鸽投掷_狙击,*101,0,0,0,0,1,100,0,0,0,0,0,1,0,0,1000387301:1,1,100,0,0,0,0,0,1,0,0,1000386501,0
817,266102,狙击,*101,0,0,0,0,1,100,0,0,0,0,0,1,0,0,0,0,100,0,0,0,0,0,1,0,0,0,0
818,266201,燃烧弹燃烧,*103,0,0,0,0,0,0,0,0,0,0,0,1,0,0,0,0,100,0,0,0,0,0,1,0,0,0,0
819,266401,M技能,*101,0,0,0,0,0,0,0,0,0,0,0,1,0,0,0,0,100,0,0,0,0,0,1,0,0,0,0
820,267001,NXS逻辑,0,0,0,0,0,0,0,0,0,0,0,0,0,0,0,740812:-1,0,100,0,0,0,0,0,1,0,0,0,0
821,267101,黑涅托技能,*201,0,0,0,0,1,100,15,0,0,1,0,1,0,0,0,0,0,0,0,0,0,0,1,0,0,1000003960,0
822,267501,电击枪攻击,*101,0,0,0,0,1,100,15,0,0,0,0,1,0,0,0,0,0,0,0,0,0,0,1,0,0,0,0
823,999001,支援榴弹,*201,*102,0,0,0,0,100,15,0,0,1,0,0,0,0,0,0,0,0,0,0,0,0,2,100,0,0,0
824,999010,防护值绝对值伤害,0,0,0,0,0,0,100,15,0,0,0,0,0,0,0,0,0,0,0,0,0,0,*101,2,100,0,0,0
